"date","symbol","open","high","low","close","volume","timestamp"
"2016-12-02","AFX","8.65","8.65","6.92","6.92","2200","1480636800"
"2016-12-08","AFX","6.06","6.06","6.06","6.06","2000","1481155200"
"2016-12-09","AFX","5.19","5.19","5.19","5.19","5000","1481241600"
"2016-12-12","AFX","4.41","4.41","4.41","4.41","5000","1481500800"
"2016-12-13","AFX","3.81","3.81","3.81","3.81","3800","1481587200"
"2016-12-14","AFX","3.46","3.46","3.46","3.46","1300","1481673600"
"2016-12-16","AFX","3.46","3.46","3.03","3.03","800","1481846400"
"2016-12-22","AFX","2.94","2.94","2.94","2.94","100","1482364800"
"2016-12-23","AFX","3.03","3.03","3.03","3.03","1100","1482451200"
"2017-02-13","AFX","4.24","4.24","4.24","4.24","100","1486944000"
"2017-02-14","AFX","4.24","4.24","3.63","3.63","500","1487030400"
"2017-02-16","AFX","3.55","3.55","3.55","3.55","100","1487203200"
"2017-02-17","AFX","3.55","3.55","3.55","3.55","200","1487289600"
"2017-02-20","AFX","3.03","3.03","3.03","3.03","100","1487548800"
"2017-02-21","AFX","2.86","3.46","2.86","3.46","200","1487635200"
"2017-02-22","AFX","2.86","2.86","2.86","2.86","9600","1487721600"
"2017-02-23","AFX","3.2","3.2","3.2","3.2","100","1487808000"
"2017-02-24","AFX","3.63","3.63","3.63","3.63","100","1487894400"
"2017-02-27","AFX","3.63","4.16","3.63","4.16","200","1488153600"
"2017-02-28","AFX","4.41","4.41","3.38","3.38","400","1488240000"
"2017-03-01","AFX","3.63","3.63","3.46","3.46","800","1488326400"
"2017-03-02","AFX","4.07","4.07","4.07","4.07","100","1488412800"
"2017-03-03","AFX","3.72","4.24","3.72","4.24","300","1488499200"
"2017-03-10","AFX","3.46","3.55","3.46","3.55","1000","1489104000"
"2017-03-13","AFX","3.72","3.72","3.72","3.72","100","1489363200"
"2017-03-14","AFX","3.81","3.81","3.81","3.81","100","1489449600"
"2017-03-27","AFX","3.46","3.46","3.46","3.46","100","1490572800"
"2017-03-30","AFX","3.46","3.46","3.46","3.46","100","1490832000"
"2017-03-31","AFX","2.94","2.94","2.94","2.94","1900","1490918400"
"2017-04-05","AFX","3.12","3.12","3.12","3.12","200","1491350400"
"2017-04-12","AFX","3.12","3.12","3.12","3.12","100","1491955200"
"2017-04-26","AFX","2.68","2.68","2.68","2.68","2400","1493164800"
"2017-04-27","AFX","2.68","3.03","2.68","3.03","200","1493251200"
"2017-05-03","AFX","3.2","3.2","3.2","3.2","100","1493769600"
"2017-05-04","AFX","3.2","3.2","3.2","3.2","600","1493856000"
"2017-05-05","AFX","3.38","3.46","3.38","3.46","600","1493942400"
"2017-05-08","AFX","3.2","3.2","3.2","3.2","300","1494201600"
"2017-05-10","AFX","3.2","3.2","3.2","3.2","800","1494374400"
"2017-05-11","AFX","3.2","3.2","3.2","3.2","700","1494460800"
"2017-05-12","AFX","3.2","3.2","3.2","3.2","2000","1494547200"
"2017-05-15","AFX","3.2","3.2","3.2","3.2","300","1494806400"
"2017-05-16","AFX","3.2","3.2","3.2","3.2","800","1494892800"
"2017-05-17","AFX","3.2","3.2","3.2","3.2","3200","1494979200"
"2017-05-18","AFX","3.12","3.12","3.12","3.12","300","1495065600"
"2017-05-19","AFX","3.2","3.2","3.2","3.2","1000","1495152000"
"2017-05-22","AFX","3.2","3.2","3.2","3.2","600","1495411200"
"2017-05-23","AFX","3.2","3.2","3.2","3.2","5400","1495497600"
"2017-05-26","AFX","3.2","3.2","3.2","3.2","300","1495756800"
"2017-05-29","AFX","3.2","3.2","3.2","3.2","1000","1496016000"
"2017-05-31","AFX","3.38","3.46","3.38","3.46","200","1496188800"
"2017-06-06","AFX","3.2","3.2","3.2","3.2","3600","1496707200"
"2017-06-07","AFX","2.86","2.86","2.86","2.86","200","1496793600"
"2017-06-08","AFX","3.12","3.2","3.12","3.2","3000","1496880000"
"2017-06-09","AFX","3.2","3.2","3.12","3.12","7000","1496966400"
"2017-06-12","AFX","3.2","3.2","3.2","3.2","100","1497225600"
"2017-06-13","AFX","3.2","3.38","3.2","3.2","19900","1497312000"
"2017-06-14","AFX","3.2","3.38","3.2","3.38","15900","1497398400"
"2017-06-15","AFX","3.29","3.29","3.29","3.29","4100","1497484800"
"2017-06-16","AFX","3.38","3.38","3.38","3.38","500","1497571200"
"2017-06-19","AFX","3.29","3.38","3.29","3.38","4600","1497830400"
"2017-06-20","AFX","3.38","3.38","3.38","3.38","2000","1497916800"
"2017-06-21","AFX","3.38","3.38","3.2","3.2","10000","1498003200"
"2017-06-23","AFX","3.38","3.38","3.38","3.38","6200","1498176000"
"2017-06-26","AFX","3.46","3.55","3.46","3.55","3600","1498435200"
"2017-06-27","AFX","3.81","4.07","3.81","4.07","80500","1498521600"
"2017-06-28","AFX","4.33","4.41","4.16","4.41","6700","1498608000"
"2017-06-29","AFX","4.85","4.93","4.85","4.93","4700","1498694400"
"2017-06-30","AFX","4.76","4.76","4.24","4.76","1900","1498780800"
"2017-07-03","AFX","4.07","5.02","3.98","5.02","1600","1499040000"
"2017-07-04","AFX","4.07","4.33","3.98","3.98","26300","1499126400"
"2017-07-05","AFX","3.9","4.16","3.9","4.16","5800","1499212800"
"2017-07-06","AFX","3.9","3.9","3.9","3.9","500","1499299200"
"2017-07-07","AFX","3.98","3.98","3.98","3.98","900","1499385600"
"2017-07-10","AFX","3.72","3.81","3.72","3.81","1100","1499644800"
"2017-07-11","AFX","3.72","4.07","3.72","4.07","600","1499731200"
"2017-07-12","AFX","3.98","3.98","3.98","3.98","100","1499817600"
"2017-07-13","AFX","4.33","4.33","4.33","4.33","100","1499904000"
"2017-07-14","AFX","4.07","4.07","4.07","4.07","7700","1499990400"
"2017-07-17","AFX","4.07","4.07","3.98","3.98","4200","1500249600"
"2017-07-18","AFX","4.24","4.24","4.24","4.24","300","1500336000"
"2017-07-19","AFX","3.63","3.98","3.63","3.98","1600","1500422400"
"2017-07-21","AFX","3.29","3.9","3.29","3.9","1400","1500595200"
"2017-07-24","AFX","3.81","3.81","3.81","3.81","100","1500854400"
"2017-07-26","AFX","3.81","3.81","3.29","3.29","1700","1501027200"
"2017-07-28","AFX","3.29","3.29","3.29","3.29","200","1501200000"
"2017-07-31","AFX","3.12","3.63","3.12","3.63","2700","1501459200"
"2017-08-01","AFX","3.55","3.55","3.55","3.55","100","1501545600"
"2017-08-02","AFX","3.72","3.72","3.72","3.72","100","1501632000"
"2017-08-03","AFX","3.29","3.29","3.2","3.2","400","1501718400"
"2017-08-04","AFX","3.72","3.72","3.72","3.72","1700","1501804800"
"2017-08-07","AFX","3.9","3.9","3.9","3.9","900","1502064000"
"2017-08-08","AFX","3.38","3.81","3.38","3.81","1100","1502150400"
"2017-08-09","AFX","3.55","3.55","3.55","3.55","200","1502236800"
"2017-08-10","AFX","3.55","3.55","3.55","3.55","3000","1502323200"
"2017-08-11","AFX","3.72","3.72","3.72","3.72","100","1502409600"
"2017-08-14","AFX","3.72","3.72","3.72","3.72","300","1502668800"
"2017-08-15","AFX","3.2","3.2","3.2","3.2","400","1502755200"
"2017-08-16","AFX","3.2","3.29","3.2","3.29","1400","1502841600"
"2017-08-18","AFX","3.46","3.46","3.46","3.46","2200","1503014400"
"2017-08-21","AFX","3.46","3.46","3.46","3.46","500","1503273600"
"2017-08-24","AFX","3.29","3.29","3.29","3.29","100","1503532800"
"2017-08-29","AFX","3.29","3.29","2.86","2.86","500","1503964800"
"2017-09-06","AFX","3.12","3.55","3.12","3.55","300","1504656000"
"2017-09-08","AFX","3.38","3.38","3.38","3.38","100","1504828800"
"2017-09-11","AFX","3.46","3.46","3.46","3.46","300","1505088000"
"2017-09-13","AFX","3.2","3.29","3.2","3.29","600","1505260800"
"2017-09-18","AFX","3.55","3.55","3.55","3.55","300","1505692800"
"2017-09-19","AFX","3.46","3.46","3.46","3.46","100","1505779200"
"2017-09-21","AFX","3.46","3.46","3.46","3.46","300","1505952000"
"2017-09-26","AFX","3.55","3.55","3.55","3.55","100","1506384000"
"2017-09-27","AFX","3.46","3.46","3.38","3.38","300","1506470400"
"2017-09-29","AFX","3.29","3.38","3.29","3.38","2200","1506643200"
"2017-10-02","AFX","3.55","3.55","3.38","3.38","5000","1506902400"
"2017-10-03","AFX","3.38","3.38","3.38","3.38","2800","1506988800"
"2017-10-09","AFX","3.38","3.38","3.38","3.38","2000","1507507200"
"2017-10-11","AFX","3.46","3.46","3.03","3.03","2000","1507680000"
"2017-10-16","AFX","3.38","3.38","3.29","3.29","3200","1508112000"
"2017-10-18","AFX","3.29","3.29","3.29","3.29","7900","1508284800"
"2017-10-19","AFX","3.29","3.29","3.2","3.29","11100","1508371200"
"2017-10-20","AFX","3.38","3.38","3.38","3.38","7900","1508457600"
"2017-10-23","AFX","3.38","3.55","3.38","3.55","10500","1508716800"
"2017-10-24","AFX","3.29","3.46","3.29","3.46","400","1508803200"
"2017-10-25","AFX","3.46","3.46","3.46","3.46","1300","1508889600"
"2017-10-26","AFX","3.46","3.46","3.46","3.46","8000","1508976000"
"2017-10-30","AFX","3.46","3.63","3.46","3.63","4000","1509321600"
"2017-10-31","AFX","3.46","3.46","3.12","3.12","2800","1509408000"
"2017-11-02","AFX","3.46","3.46","3.38","3.38","4000","1509580800"
"2017-11-03","AFX","3.38","3.38","3.29","3.29","3400","1509667200"
"2017-11-06","AFX","3.38","3.46","3.29","3.29","4600","1509926400"
"2017-11-08","AFX","3.46","3.46","3.38","3.38","5300","1510099200"
"2017-11-10","AFX","3.46","3.46","3.46","3.46","200","1510272000"
"2017-11-13","AFX","3.46","3.46","3.46","3.46","4000","1510531200"
"2017-11-14","AFX","3.46","3.46","3.46","3.46","2200","1510617600"
"2017-11-16","AFX","3.46","3.46","3.46","3.46","3000","1510790400"
"2017-11-17","AFX","3.55","3.55","3.55","3.55","1000","1510876800"
"2017-11-20","AFX","3.81","3.81","3.81","3.81","100","1511136000"
"2017-11-22","AFX","3.9","3.9","3.9","3.9","2600","1511308800"
"2017-11-23","AFX","3.9","3.9","3.9","3.9","1400","1511395200"
"2017-11-27","AFX","3.9","3.9","3.9","3.9","5000","1511740800"
"2017-11-28","AFX","3.72","3.72","3.72","3.72","2100","1511827200"
"2017-11-29","AFX","3.55","3.72","3.55","3.72","2400","1511913600"
"2017-11-30","AFX","3.72","3.72","3.63","3.63","8100","1512000000"
"2017-12-01","AFX","3.55","3.72","3.55","3.72","6700","1512086400"
"2017-12-04","AFX","4.16","4.16","3.46","3.46","6300","1512345600"
"2017-12-07","AFX","3.98","3.98","3.98","3.98","100","1512604800"
"2017-12-08","AFX","3.55","3.55","3.46","3.46","12600","1512691200"
"2017-12-18","AFX","3.46","3.46","3.46","3.46","800","1513555200"
"2017-12-19","AFX","3.46","3.46","3.46","3.46","2200","1513641600"
"2017-12-20","AFX","3.46","3.46","3.46","3.46","2300","1513728000"
"2017-12-22","AFX","3.38","3.46","3.29","3.46","5200","1513900800"
"2017-12-25","AFX","2.94","3.63","2.94","3.46","1600","1514160000"
"2017-12-26","AFX","3.29","3.46","3.29","3.38","5100","1514246400"
"2017-12-27","AFX","3.29","3.38","3.29","3.38","1800","1514332800"
"2017-12-28","AFX","3.38","3.46","3.29","3.46","5200","1514419200"
"2017-12-29","AFX","3.55","3.55","3.46","3.46","600","1514505600"
"2018-01-02","AFX","3.38","3.46","3.29","3.29","300","1514851200"
"2018-01-03","AFX","3.29","3.29","3.29","3.29","100","1514937600"
"2018-01-04","AFX","3.38","3.38","2.86","2.86","1400","1515024000"
"2018-01-05","AFX","3.55","3.55","3.38","3.38","8700","1515110400"
"2018-01-08","AFX","3.46","3.46","3.46","3.46","100","1515369600"
"2018-01-09","AFX","3.38","3.55","3.38","3.46","500","1515456000"
"2018-01-10","AFX","3.29","3.29","3.2","3.2","1200","1515542400"
"2018-01-11","AFX","3.12","3.12","2.86","2.86","1200","1515628800"
"2018-01-12","AFX","3.03","3.12","3.03","3.12","4100","1515715200"
"2018-01-15","AFX","3.12","3.46","3.12","3.46","1600","1515974400"
"2018-01-16","AFX","3.46","3.46","3.46","3.46","200","1516060800"
"2018-01-17","AFX","3.46","3.55","3.46","3.55","16600","1516147200"
"2018-01-18","AFX","3.38","3.46","3.38","3.38","1300","1516233600"
"2018-01-19","AFX","3.29","3.38","3.29","3.38","800","1516320000"
"2018-01-22","AFX","3.38","3.55","3.38","3.38","3300","1516579200"
"2018-01-23","AFX","3.72","3.98","3.63","3.98","400","1516665600"
"2018-01-24","AFX","3.81","3.81","3.81","3.81","2600","1516752000"
"2018-01-25","AFX","3.81","3.9","3.81","3.81","16200","1516838400"
"2018-01-26","AFX","3.9","3.98","3.9","3.98","1000","1516924800"
"2018-01-31","AFX","4.5","4.5","4.5","4.5","100","1517356800"
"2018-02-01","AFX","5.11","5.11","5.11","5.11","100","1517443200"
"2018-02-02","AFX","5.02","5.02","5.02","5.02","100","1517529600"
"2018-02-08","AFX","4.33","4.33","4.33","4.33","100","1518048000"
"2018-02-21","AFX","4.93","4.93","4.93","4.93","900","1519171200"
"2018-02-22","AFX","4.24","4.24","4.24","4.24","5400","1519257600"
"2018-02-26","AFX","3.81","3.81","3.81","3.81","500","1519603200"
"2018-03-02","AFX","3.9","3.9","3.9","3.9","3000","1519948800"
"2018-03-05","AFX","3.9","3.9","3.9","3.9","4600","1520208000"
"2018-03-07","AFX","3.72","3.72","3.63","3.63","3000","1520380800"
"2018-03-08","AFX","4.24","4.24","4.24","4.24","100","1520467200"
"2018-03-13","AFX","4.07","4.07","4.07","4.07","1000","1520899200"
"2018-03-16","AFX","3.55","3.9","3.46","3.46","5700","1521158400"
"2018-03-19","AFX","3.46","3.55","3.12","3.46","35300","1521417600"
"2018-03-26","AFX","3.46","3.46","3.46","3.46","200","1522022400"
"2018-03-27","AFX","3.46","3.46","3.46","3.46","1000","1522108800"
"2018-04-02","AFX","3.55","3.55","3.55","3.55","10000","1522627200"
"2018-04-10","AFX","3.55","3.55","3.55","3.55","100","1523318400"
"2018-04-11","AFX","3.55","3.55","3.46","3.46","5100","1523404800"
"2018-04-12","AFX","3.55","3.55","3.55","3.55","5000","1523491200"
"2018-04-13","AFX","3.55","3.55","3.55","3.55","5910","1523577600"
"2018-04-17","AFX","3.55","3.72","3.55","3.72","11100","1523923200"
"2018-04-18","AFX","3.72","3.72","3.72","3.72","1000","1524009600"
"2018-04-19","AFX","3.63","3.63","3.63","3.63","900","1524096000"
"2018-04-20","AFX","3.55","3.81","3.55","3.81","3300","1524182400"
"2018-04-23","AFX","3.63","3.63","3.63","3.63","300","1524441600"
"2018-04-26","AFX","3.46","3.55","3.46","3.55","2200","1524700800"
"2018-04-27","AFX","3.7","3.7","3.7","3.7","1400","1524787200"
"2018-05-02","AFX","3.79","3.79","3.79","3.79","1200","1525219200"
"2018-05-04","AFX","3.7","3.7","3.7","3.7","1400","1525392000"
"2018-05-10","AFX","3.79","4.08","3.79","4.08","2200","1525910400"
"2018-05-16","AFX","3.79","3.79","3.7","3.7","1500","1526428800"
"2018-05-18","AFX","3.6","3.6","3.6","3.6","1000","1526601600"
"2018-06-05","AFX","3.79","3.79","3.79","3.79","6000","1528156800"
"2018-06-08","AFX","3.6","3.6","3.6","3.6","800","1528416000"
"2018-06-11","AFX","3.6","3.6","3.6","3.6","3100","1528675200"
"2018-06-21","AFX","3.22","3.22","3.22","3.22","1000","1529539200"
"2018-06-25","AFX","3.7","3.7","3.7","3.7","300","1529884800"
"2018-06-26","AFX","3.7","3.7","3.7","3.7","100","1529971200"
"2018-06-27","AFX","3.79","3.79","3.79","3.79","500","1530057600"
"2018-06-28","AFX","3.51","3.51","3.41","3.41","900","1530144000"
"2018-06-29","AFX","3.22","3.22","3.22","3.22","200","1530230400"
"2018-07-03","AFX","3.22","3.22","3.22","3.22","2800","1530576000"
"2018-07-04","AFX","2.85","2.94","2.85","2.94","3000","1530662400"
"2018-07-05","AFX","2.85","2.85","2.75","2.75","7300","1530748800"
"2018-07-06","AFX","2.85","3.13","2.85","3.13","4300","1530835200"
"2018-07-09","AFX","2.94","2.94","2.94","2.94","2000","1531094400"
"2018-07-10","AFX","2.85","2.94","2.85","2.85","4000","1531180800"
"2018-07-11","AFX","2.94","2.94","2.94","2.94","2000","1531267200"
"2018-07-12","AFX","2.94","2.94","2.94","2.94","400","1531353600"
"2018-07-13","AFX","2.94","2.94","2.94","2.94","1000","1531440000"
"2018-07-18","AFX","2.94","2.94","2.94","2.94","1900","1531872000"
"2018-07-20","AFX","2.94","2.94","2.94","2.94","1500","1532044800"
"2018-07-24","AFX","2.94","2.94","2.94","2.94","1000","1532390400"
"2018-07-26","AFX","2.85","2.94","2.85","2.94","1600","1532563200"
"2018-08-01","AFX","3.04","3.04","3.04","3.04","300","1533081600"
"2018-08-07","AFX","2.85","2.85","2.85","2.85","100","1533600000"
"2018-08-08","AFX","2.85","2.85","2.85","2.85","200","1533686400"
"2018-08-14","AFX","2.85","2.85","2.85","2.85","1100","1534204800"
"2018-08-16","AFX","2.85","2.85","2.85","2.85","10","1534377600"
"2018-08-21","AFX","2.85","2.85","2.85","2.85","1100","1534809600"
"2018-08-27","AFX","2.85","2.85","2.85","2.85","300","1535328000"
"2018-08-28","AFX","2.94","2.94","2.94","2.94","800","1535414400"
"2018-08-30","AFX","2.94","2.94","2.85","2.94","17100","1535587200"
"2018-08-31","AFX","2.94","2.94","2.85","2.85","5700","1535673600"
"2018-09-04","AFX","2.94","2.94","2.94","2.94","100","1536019200"
"2018-09-07","AFX","2.94","2.94","2.94","2.94","300","1536278400"
"2018-09-11","AFX","2.94","3.04","2.94","2.94","31600","1536624000"
"2018-09-12","AFX","2.94","2.94","2.94","2.94","11400","1536710400"
"2018-09-13","AFX","2.94","2.94","2.94","2.94","3800","1536796800"
"2018-09-14","AFX","2.94","2.94","2.94","2.94","2700","1536883200"
"2018-09-18","AFX","2.85","2.85","2.85","2.85","4000","1537228800"
"2018-09-19","AFX","2.85","2.85","2.85","2.85","2100","1537315200"
"2018-09-20","AFX","2.85","2.85","2.85","2.85","3000","1537401600"
"2018-09-21","AFX","2.94","2.94","2.85","2.85","4000","1537488000"
"2018-09-25","AFX","2.85","2.85","2.75","2.85","4900","1537833600"
"2018-09-26","AFX","2.85","2.85","2.85","2.85","3800","1537920000"
"2018-09-27","AFX","2.85","2.85","2.75","2.85","14200","1538006400"
"2018-09-28","AFX","2.75","2.75","2.47","2.47","12300","1538092800"
"2018-10-01","AFX","2.85","2.85","2.85","2.85","500","1538352000"
"2018-10-02","AFX","2.94","2.94","2.94","2.94","1000","1538438400"
"2018-10-03","AFX","2.75","2.85","2.75","2.85","9100","1538524800"
"2018-10-04","AFX","2.65","2.75","2.65","2.65","11200","1538611200"
"2018-10-05","AFX","2.85","2.85","2.85","2.85","5000","1538697600"
"2018-10-08","AFX","2.85","2.85","2.85","2.85","2700","1538956800"
"2018-10-09","AFX","2.85","2.94","2.85","2.94","3500","1539043200"
"2018-10-11","AFX","2.65","2.65","2.65","2.65","4900","1539216000"
"2018-10-12","AFX","2.75","2.75","2.75","2.75","3100","1539302400"
"2018-10-16","AFX","2.85","2.85","2.85","2.85","100","1539648000"
"2018-10-18","AFX","2.56","2.85","2.56","2.85","4200","1539820800"
"2018-10-19","AFX","2.75","2.85","2.75","2.85","20500","1539907200"
"2018-10-22","AFX","2.75","2.75","2.65","2.65","6400","1540166400"
"2018-10-23","AFX","2.75","2.85","2.75","2.85","12300","1540252800"
"2018-10-24","AFX","2.85","2.85","2.85","2.85","14500","1540339200"
"2018-10-25","AFX","2.85","2.85","2.85","2.85","800","1540425600"
"2018-10-26","AFX","2.56","2.56","2.56","2.56","300","1540512000"
"2018-10-30","AFX","2.75","2.75","2.75","2.75","1500","1540857600"
"2018-10-31","AFX","2.85","2.85","2.85","2.85","300","1540944000"
"2018-11-01","AFX","2.85","2.85","2.85","2.85","300","1541030400"
"2018-11-02","AFX","2.85","2.85","2.85","2.85","10000","1541116800"
"2018-11-06","AFX","2.85","2.85","2.85","2.85","10000","1541462400"
"2018-11-08","AFX","2.85","2.85","2.85","2.85","5200","1541635200"
"2018-11-12","AFX","2.85","2.85","2.85","2.85","7300","1541980800"
"2018-11-13","AFX","2.85","2.85","2.85","2.85","1700","1542067200"
"2018-11-14","AFX","2.85","2.85","2.75","2.75","23400","1542153600"
"2018-11-16","AFX","2.85","2.85","2.85","2.85","20000","1542326400"
"2018-11-19","AFX","2.85","2.85","2.85","2.85","17500","1542585600"
"2018-11-20","AFX","3.22","3.22","3.22","3.22","200","1542672000"
"2018-11-21","AFX","2.85","2.85","2.75","2.75","3300","1542758400"
"2018-11-23","AFX","2.85","2.94","2.85","2.94","13000","1542931200"
"2018-11-28","AFX","2.94","2.94","2.94","2.94","10000","1543363200"
"2018-11-30","AFX","2.94","2.94","2.94","2.94","200","1543536000"
"2018-12-07","AFX","2.94","2.94","2.94","2.94","1500","1544140800"
"2018-12-12","AFX","3.32","3.32","3.32","3.32","200","1544572800"
"2018-12-21","AFX","3.79","3.79","3.32","3.32","300","1545350400"
"2019-01-04","AFX","3.04","3.04","3.04","3.04","100","1546560000"
"2019-01-11","AFX","3.22","3.22","3.22","3.22","100","1547164800"
"2019-01-16","AFX","3.6","3.6","3.6","3.6","100","1547596800"
"2019-01-24","AFX","3.13","3.13","3.13","3.13","1000","1548288000"
"2019-01-29","AFX","3.41","3.41","3.41","3.41","500","1548720000"
"2019-02-11","AFX","3.32","3.32","3.32","3.32","300","1549843200"
"2019-02-12","AFX","3.51","3.7","2.85","2.85","600","1549929600"
"2019-02-14","AFX","3.04","3.04","3.04","3.04","1000","1550102400"
"2019-02-15","AFX","3.41","3.41","2.94","2.94","900","1550188800"
"2019-02-18","AFX","3.04","3.04","3.04","3.04","1000","1550448000"
"2019-02-20","AFX","3.04","3.22","2.85","2.85","1400","1550620800"
"2019-02-22","AFX","3.13","3.13","3.13","3.13","300","1550793600"
"2019-03-01","AFX","2.85","2.85","2.75","2.75","700","1551398400"
"2019-03-05","AFX","2.75","2.75","2.75","2.75","300","1551744000"
"2019-03-07","AFX","2.85","2.85","2.85","2.85","100","1551916800"
"2019-03-08","AFX","3.22","3.22","3.22","3.22","100","1552003200"
"2019-03-13","AFX","3.13","3.13","3.13","3.13","1000","1552435200"
"2019-03-14","AFX","3.22","3.22","2.85","2.85","3300","1552521600"
"2019-03-20","AFX","2.75","3.04","2.65","3.04","1200","1553040000"
"2019-03-29","AFX","2.75","2.75","2.75","2.75","200","1553817600"
"2019-04-03","AFX","2.75","2.75","2.75","2.75","300","1554249600"
"2019-04-05","AFX","3.13","3.13","3.13","3.13","600","1554422400"
"2019-04-09","AFX","2.85","2.85","2.85","2.85","500","1554768000"
"2019-04-12","AFX","3.13","3.13","2.85","2.85","500","1555027200"
"2019-04-17","AFX","2.94","2.94","2.94","2.94","1000","1555459200"
"2019-04-18","AFX","2.85","2.85","2.85","2.85","1000","1555545600"
"2019-04-19","AFX","2.85","2.85","2.85","2.85","900","1555632000"
"2019-04-22","AFX","2.75","2.75","2.65","2.65","9100","1555891200"
"2019-04-24","AFX","2.85","2.85","2.85","2.85","5000","1556064000"
"2019-04-26","AFX","2.85","2.85","2.85","2.85","800","1556236800"
"2019-05-02","AFX","2.85","2.85","2.65","2.65","2400","1556755200"
"2019-05-03","AFX","2.85","2.85","2.75","2.75","400","1556841600"
"2019-05-07","AFX","2.75","2.75","2.75","2.75","200","1557187200"
"2019-05-10","AFX","2.75","2.75","2.75","2.75","5800","1557446400"
"2019-05-13","AFX","2.75","2.75","2.75","2.75","200","1557705600"
"2019-05-15","AFX","2.6","2.7","2.6","2.7","1100","1557878400"
"2019-05-17","AFX","2.9","2.9","2.9","2.9","200","1558051200"
"2019-05-21","AFX","2.8","2.8","2.8","2.8","200","1558396800"
"2019-05-22","AFX","2.9","2.9","2.9","2.9","1100","1558483200"
"2019-05-23","AFX","2.7","2.7","2.7","2.7","3000","1558569600"
"2019-05-24","AFX","2.7","2.7","2.7","2.7","500","1558656000"
"2019-05-27","AFX","2.8","2.9","2.8","2.8","11800","1558915200"
"2019-05-29","AFX","2.8","2.8","2.7","2.7","7600","1559088000"
"2019-05-31","AFX","2.8","2.8","2.4","2.4","6300","1559260800"
"2019-06-06","AFX","2.7","2.7","2.7","2.7","2900","1559779200"
"2019-06-10","AFX","2.7","2.7","2.7","2.7","200","1560124800"
"2019-06-11","AFX","2.7","2.7","2.7","2.7","3100","1560211200"
"2019-06-17","AFX","2.7","2.8","2.7","2.8","5700","1560729600"
"2019-06-18","AFX","2.7","2.7","2.7","2.7","100","1560816000"
"2019-06-19","AFX","2.8","2.8","2.8","2.8","1500","1560902400"
"2019-06-20","AFX","2.8","2.8","2.8","2.8","2300","1560988800"
"2019-06-21","AFX","2.8","2.8","2.8","2.8","2800","1561075200"
"2019-06-24","AFX","2.8","2.8","2.8","2.8","5000","1561334400"
"2019-06-25","AFX","2.8","2.8","2.8","2.8","6200","1561420800"
"2019-06-26","AFX","2.9","3.1","2.9","3.1","34500","1561507200"
"2019-06-27","AFX","3.1","3.4","2.6","3.4","89700","1561593600"
"2019-06-28","AFX","3.6","3.6","3.6","3.6","16400","1561680000"
"2019-07-01","AFX","4.1","4.1","4.1","4.1","24000","1561939200"
"2019-07-02","AFX","4.5","4.7","4.1","4.7","53000","1562025600"
"2019-07-03","AFX","4.8","5.2","4.8","5.2","129600","1562112000"
"2019-07-04","AFX","5.9","5.9","5.2","5.2","18100","1562198400"
"2019-07-05","AFX","6.7","6.7","6.7","6.7","76900","1562284800"
"2019-07-08","AFX","7.7","7.7","7.5","7.7","217000","1562544000"
"2019-07-09","AFX","8.7","8.8","7.7","8.46","140300","1562630400"
"2019-07-10","AFX","7.3","9.1","7.3","7.32","26500","1562716800"
"2019-07-11","AFX","6.3","6.3","6.3","6.3","5800","1562803200"
"2019-07-12","AFX","5.4","5.4","5.4","5.4","28300","1562889600"
"2019-07-15","AFX","4.6","5.4","4.6","4.8","208200","1563148800"
"2019-07-16","AFX","4.9","5.2","4.9","5.2","44700","1563235200"
"2019-07-17","AFX","5.9","5.9","5.2","5.5","45800","1563321600"
"2019-07-18","AFX","5.4","5.4","5","5.1","72500","1563408000"
"2019-07-19","AFX","5.1","5.1","4.7","4.7","37600","1563494400"
"2019-07-22","AFX","4.5","5","4.5","4.6","21600","1563753600"
"2019-07-23","AFX","4.8","5.4","4.7","4.8","47700","1563840000"
"2019-07-24","AFX","4.7","5","4.7","4.8","16600","1563926400"
"2019-07-25","AFX","4.7","4.7","4.6","4.7","24800","1564012800"
"2019-07-26","AFX","4.6","4.6","4.2","4.2","31700","1564099200"
"2019-07-29","AFX","4.2","4.6","3.9","4.4","85000","1564358400"
"2019-07-30","AFX","4.4","4.7","4.2","4.7","38300","1564444800"
"2019-07-31","AFX","4.6","5.1","4.6","5.1","106600","1564531200"
"2019-08-01","AFX","5","5.5","4.3","4.9","45100","1564617600"
"2019-08-02","AFX","4.4","4.7","4.3","4.6","27000","1564704000"
"2019-08-05","AFX","4.3","4.5","4.1","4.3","57600","1564963200"
"2019-08-06","AFX","4.5","4.5","4.1","4.1","43700","1565049600"
"2019-08-07","AFX","4.2","4.5","4.1","4.2","23900","1565136000"
"2019-08-08","AFX","4.2","4.3","4.1","4.3","17800","1565222400"
"2019-08-09","AFX","4.3","4.6","4.3","4.4","21600","1565308800"
"2019-08-12","AFX","4.2","4.2","4.1","4.2","11200","1565568000"
"2019-08-13","AFX","4.2","4.3","4.1","4.1","21600","1565654400"
"2019-08-14","AFX","4.1","4.2","4.1","4.1","13800","1565740800"
"2019-08-15","AFX","4.1","4.1","4","4","35100","1565827200"
"2019-08-16","AFX","4","4.1","4","4.1","15200","1565913600"
"2019-08-19","AFX","4.2","4.2","4.2","4.2","8100","1566172800"
"2019-08-20","AFX","4.2","4.2","4.1","4.1","9600","1566259200"
"2019-08-21","AFX","4.1","4.1","4","4.1","32600","1566345600"
"2019-08-22","AFX","4.1","4.6","4.1","4.6","71900","1566432000"
"2019-08-23","AFX","5.1","5.1","5.1","5.1","28000","1566518400"
"2019-08-26","AFX","5.8","5.8","5.1","5.7","231000","1566777600"
"2019-08-27","AFX","5.6","5.6","4.9","5","142100","1566864000"
"2019-08-28","AFX","4.8","5.8","4.7","5.8","166700","1566950400"
"2019-08-29","AFX","5.8","6.3","5.8","6.3","162900","1567036800"
"2019-08-30","AFX","6.5","6.8","5.4","5.4","88000","1567123200"
"2019-09-03","AFX","5.4","5.8","5.4","5.4","45000","1567468800"
"2019-09-04","AFX","5.4","5.5","5.3","5.4","28500","1567555200"
"2019-09-05","AFX","5.4","5.5","5.1","5.4","30600","1567641600"
"2019-09-06","AFX","5.5","6","4.7","5","66100","1567728000"
"2019-09-09","AFX","5","5.1","4.9","4.9","44000","1567987200"
"2019-09-10","AFX","4.7","5","4.6","4.8","25000","1568073600"
"2019-09-11","AFX","4.7","4.9","4.6","4.7","34100","1568160000"
"2019-09-12","AFX","4.7","5","4.7","4.9","18100","1568246400"
"2019-09-13","AFX","5","5","4.8","5","29500","1568332800"
"2019-09-16","AFX","5","5","4.8","4.8","18500","1568592000"
"2019-09-17","AFX","4.8","4.9","4.7","4.8","12700","1568678400"
"2019-09-18","AFX","4.9","4.9","4.7","4.8","41500","1568764800"
"2019-09-19","AFX","4.8","4.9","4.7","4.9","23200","1568851200"
"2019-09-20","AFX","4.9","5.5","4.9","5.3","90400","1568937600"
"2019-09-23","AFX","5.3","5.3","5","5.1","46200","1569196800"
"2019-09-24","AFX","5","5","4.8","4.9","63700","1569283200"
"2019-09-25","AFX","4.8","4.9","4.7","4.8","64100","1569369600"
"2019-09-26","AFX","5","5","4.7","4.9","34800","1569456000"
"2019-09-27","AFX","4.9","4.9","4.8","4.9","11700","1569542400"
"2019-09-30","AFX","4.8","4.9","4.8","4.9","17000","1569801600"
"2019-10-01","AFX","4.9","4.9","4.6","4.7","3900","1569888000"
"2019-10-02","AFX","4.7","4.8","4.6","4.8","15300","1569974400"
"2019-10-03","AFX","4.7","4.7","4.6","4.7","6000","1570060800"
"2019-10-04","AFX","4.7","4.8","4.6","4.7","25200","1570147200"
"2019-10-07","AFX","4.7","4.7","4.3","4.4","24400","1570406400"
"2019-10-08","AFX","4.4","4.6","4.3","4.6","28200","1570492800"
"2019-10-09","AFX","4.5","4.9","4.5","4.9","87300","1570579200"
"2019-10-10","AFX","4.9","4.9","4.8","4.9","11400","1570665600"
"2019-10-11","AFX","4.9","4.9","4.7","4.7","37100","1570752000"
"2019-10-14","AFX","4.7","4.7","4.5","4.5","25000","1571011200"
"2019-10-15","AFX","4.6","4.6","4.6","4.6","5400","1571097600"
"2019-10-16","AFX","4.6","4.6","4.6","4.6","3500","1571184000"
"2019-10-17","AFX","4.6","4.6","4.6","4.6","12500","1571270400"
"2019-10-18","AFX","4.5","4.6","4.5","4.6","3200","1571356800"
"2019-10-21","AFX","4.6","4.6","4.3","4.4","53600","1571616000"
"2019-10-22","AFX","4.4","4.5","4.3","4.5","26000","1571702400"
"2019-10-23","AFX","4.4","4.6","4.4","4.6","7700","1571788800"
"2019-10-24","AFX","4.4","4.5","4.4","4.5","15400","1571875200"
"2019-10-25","AFX","4.6","4.7","4.6","4.6","13900","1571961600"
"2019-10-28","AFX","4.7","4.7","4.6","4.6","8200","1572220800"
"2019-10-29","AFX","4.6","4.6","4.5","4.5","19900","1572307200"
"2019-10-30","AFX","4.5","4.5","4.4","4.5","2600","1572393600"
"2019-10-31","AFX","4.4","4.4","4.3","4.4","15200","1572480000"
"2019-11-01","AFX","4.4","4.4","4.3","4.3","32300","1572566400"
"2019-11-04","AFX","4.3","4.3","4","4.1","13000","1572825600"
"2019-11-05","AFX","4.2","4.2","4.2","4.2","4300","1572912000"
"2019-11-06","AFX","4.3","4.3","4","4.2","2900","1572998400"
"2019-11-07","AFX","4","4.2","3.9","4.1","39600","1573084800"
"2019-11-08","AFX","4.2","4.2","4","4","4700","1573171200"
"2019-11-11","AFX","4.2","4.2","4","4","12600","1573430400"
"2019-11-12","AFX","4.1","4.2","4.1","4.2","1600","1573516800"
"2019-11-13","AFX","4.2","4.2","4.1","4.2","900","1573603200"
"2019-11-14","AFX","4.1","4.1","3.9","3.9","12800","1573689600"
"2019-11-15","AFX","4","4.1","4","4","8300","1573776000"
"2019-11-18","AFX","4.1","4.1","4","4","1500","1574035200"
"2019-11-19","AFX","4","4","4","4","4000","1574121600"
"2019-11-20","AFX","4.1","4.2","3.9","4","3800","1574208000"
"2019-11-21","AFX","4","4.1","4","4.1","3300","1574294400"
"2019-11-22","AFX","4.1","4.1","4","4","5600","1574380800"
"2019-11-25","AFX","4","4","3.7","4","4700","1574640000"
"2019-11-26","AFX","3.9","4.3","3.9","4.3","4000","1574726400"
"2019-11-27","AFX","4.2","4.3","3.9","4","10800","1574812800"
"2019-11-28","AFX","3.8","3.9","3.6","3.6","24400","1574899200"
"2019-11-29","AFX","3.7","4","3.6","3.6","10900","1574985600"
"2019-12-02","AFX","3.8","3.9","3.8","3.9","800","1575244800"
"2019-12-03","AFX","3.7","3.7","3.7","3.7","500","1575331200"
"2019-12-04","AFX","3.7","3.7","3.6","3.6","5000","1575417600"
"2019-12-05","AFX","3.7","3.7","3.5","3.5","13000","1575504000"
"2019-12-06","AFX","3.6","3.7","3.6","3.7","5500","1575590400"
"2019-12-09","AFX","3.9","3.9","3.6","3.6","9300","1575849600"
"2019-12-10","AFX","3.8","3.8","3.7","3.7","1600","1575936000"
"2019-12-11","AFX","3.6","3.6","3.6","3.6","2000","1576022400"
"2019-12-12","AFX","3.6","3.6","3.6","3.6","9100","1576108800"
"2019-12-13","AFX","3.6","3.6","3.6","3.6","1600","1576195200"
"2019-12-16","AFX","3.6","3.6","3.5","3.5","1500","1576454400"
"2019-12-17","AFX","3.5","3.6","3.3","3.3","16700","1576540800"
"2019-12-18","AFX","3.5","3.5","3.5","3.5","900","1576627200"
"2019-12-19","AFX","3.5","3.5","3.4","3.5","3600","1576713600"
"2019-12-20","AFX","3.5","3.6","3.5","3.6","2100","1576800000"
"2019-12-23","AFX","3.5","3.5","3.5","3.5","700","1577059200"
"2019-12-24","AFX","3.6","3.6","3.5","3.5","1300","1577145600"
"2019-12-26","AFX","3.4","3.5","3.4","3.5","3800","1577318400"
"2019-12-27","AFX","3.5","3.5","3.4","3.5","400","1577404800"
"2019-12-30","AFX","3.4","3.5","3.4","3.5","10400","1577664000"
"2019-12-31","AFX","3.5","3.5","3.5","3.5","1500","1577750400"
"2020-01-02","AFX","3.5","3.5","3.5","3.5","900","1577923200"
"2020-01-03","AFX","3.5","3.5","3.4","3.5","800","1578009600"
"2020-01-06","AFX","3.3","3.5","3","3.3","4000","1578268800"
"2020-01-07","AFX","3.5","3.5","3.3","3.3","800","1578355200"
"2020-01-08","AFX","3.4","3.4","3.2","3.2","2900","1578441600"
"2020-01-09","AFX","3.3","3.3","3.3","3.3","100","1578528000"
"2020-01-10","AFX","3.3","3.3","3","3","1700","1578614400"
"2020-01-13","AFX","3.1","3.2","3.1","3.2","300","1578873600"
"2020-01-14","AFX","3.1","3.2","3.1","3.2","400","1578960000"
"2020-01-15","AFX","3.3","3.3","3.3","3.3","2400","1579046400"
"2020-01-16","AFX","3.2","3.2","3","3","5500","1579132800"
"2020-01-17","AFX","3.3","3.3","3.3","3.3","100","1579219200"
"2020-01-20","AFX","3","3","3","3","5700","1579478400"
"2020-01-21","AFX","3","3.1","3","3","6700","1579564800"
"2020-01-22","AFX","3","3","3","3","200","1579651200"
"2020-01-30","AFX","3","3","3","3","500","1580342400"
"2020-01-31","AFX","3.1","3.1","3","3","2600","1580428800"
"2020-02-03","AFX","2.7","3.1","2.7","2.8","99900","1580688000"
"2020-02-04","AFX","3","3.1","2.9","3.1","19200","1580774400"
"2020-02-05","AFX","3.1","3.1","3","3.1","37000","1580860800"
"2020-02-06","AFX","3.1","3.4","3","3.4","34000","1580947200"
"2020-02-07","AFX","3.5","3.7","3.5","3.6","39400","1581033600"
"2020-02-10","AFX","3.5","3.5","3.3","3.3","12200","1581292800"
"2020-02-11","AFX","3.4","3.4","3.2","3.2","9300","1581379200"
"2020-02-12","AFX","3.2","3.2","2.9","3.1","84100","1581465600"
"2020-02-13","AFX","3.1","3.2","3","3.1","21700","1581552000"
"2020-02-14","AFX","3.1","3.1","3.1","3.1","3400","1581638400"
"2020-02-17","AFX","3.1","3.4","3.1","3.3","20500","1581897600"
"2020-02-18","AFX","3.1","3.2","3.1","3.2","10900","1581984000"
"2020-02-19","AFX","3.2","3.4","3.2","3.4","17400","1582070400"
"2020-02-20","AFX","3.5","3.5","3.2","3.4","4800","1582156800"
"2020-02-21","AFX","3.4","3.4","3.1","3.2","23700","1582243200"
"2020-02-24","AFX","3.1","3.1","3","3","13600","1582502400"
"2020-02-25","AFX","3.2","3.2","3","3.1","2700","1582588800"
"2020-02-26","AFX","3","3.2","3","3.2","5600","1582675200"
"2020-02-27","AFX","3.2","3.5","3.2","3.4","21600","1582761600"
"2020-02-28","AFX","3.4","3.5","3.3","3.3","10400","1582848000"
"2020-03-02","AFX","3.4","3.4","3.3","3.3","7800","1583107200"
"2020-03-03","AFX","3.2","3.3","3.2","3.3","23300","1583193600"
"2020-03-04","AFX","3.3","3.3","3.2","3.3","12800","1583280000"
"2020-03-05","AFX","3.2","3.3","3.2","3.2","9800","1583366400"
"2020-03-06","AFX","3.5","3.5","3.2","3.2","6800","1583452800"
"2020-03-09","AFX","3.2","3.3","2.9","3","44800","1583712000"
"2020-03-10","AFX","2.8","3.3","2.8","3.1","9500","1583798400"
"2020-03-11","AFX","3.1","3.1","3","3.1","4300","1583884800"
"2020-03-12","AFX","3","3.1","2.8","2.9","24100","1583971200"
"2020-03-13","AFX","2.8","3","2.8","2.9","13400","1584057600"
"2020-03-16","AFX","2.8","2.8","2.8","2.8","3300","1584316800"
"2020-03-17","AFX","2.8","3","2.8","2.9","9500","1584403200"
"2020-03-18","AFX","2.9","3","2.9","3","15500","1584489600"
"2020-03-19","AFX","3","3.1","3","3","46300","1584576000"
"2020-03-20","AFX","3","3.2","3","3.2","7400","1584662400"
"2020-03-23","AFX","3.2","3.2","3","3","6700","1584921600"
"2020-03-24","AFX","3.1","3.1","3.1","3.1","2500","1585008000"
"2020-03-25","AFX","3","3","3","3","12200","1585094400"
"2020-03-26","AFX","3","3","2.9","2.9","24600","1585180800"
"2020-03-27","AFX","2.9","3.1","2.9","2.9","3700","1585267200"
"2020-03-31","AFX","2.9","3","2.8","3","3100","1585612800"
"2020-04-01","AFX","2.8","2.8","2.8","2.8","500","1585699200"
"2020-04-03","AFX","2.9","2.9","2.9","2.9","100","1585872000"
"2020-04-06","AFX","3","3.1","3","3.1","500","1586131200"
"2020-04-07","AFX","3","3.1","3","3.1","10300","1586217600"
"2020-04-08","AFX","3.1","3.3","3.1","3.3","20000","1586304000"
"2020-04-09","AFX","3.2","3.6","3.2","3.6","50000","1586390400"
"2020-04-10","AFX","4.1","4.1","3.8","4.1","105200","1586476800"
"2020-04-13","AFX","4.6","4.7","4.3","4.7","111900","1586736000"
"2020-04-14","AFX","5","5.2","4.4","4.5","175000","1586822400"
"2020-04-15","AFX","4.5","4.5","4","4","155700","1586908800"
"2020-04-16","AFX","4","4.4","4","4.4","82400","1586995200"
"2020-04-17","AFX","4.3","4.8","4.3","4.8","128000","1587081600"
"2020-04-20","AFX","5.3","5.5","4.8","5.1","176300","1587340800"
"2020-04-21","AFX","5.2","5.2","4.5","4.6","162500","1587427200"
"2020-04-22","AFX","4.6","4.8","4.4","4.6","99100","1587513600"
"2020-04-23","AFX","4.8","4.8","4.5","4.6","55000","1587600000"
"2020-04-24","AFX","4.6","4.7","4.5","4.5","39100","1587686400"
"2020-04-27","AFX","4.5","4.5","4","4.2","84300","1587945600"
"2020-04-28","AFX","4.1","4.6","4.1","4.5","36800","1588032000"
"2020-04-29","AFX","4.5","4.6","4.4","4.4","32600","1588118400"
"2020-05-04","AFX","4.5","4.5","4","4","56600","1588550400"
"2020-05-05","AFX","4.1","4.1","3.9","4.1","58400","1588636800"
"2020-05-06","AFX","4","4.4","4","4.4","46600","1588723200"
"2020-05-07","AFX","4.4","4.4","4.2","4.3","41300","1588809600"
"2020-05-08","AFX","4.3","4.4","4.2","4.3","25300","1588896000"
"2020-05-11","AFX","4.3","4.3","4.2","4.2","19600","1589155200"
"2020-05-12","AFX","4.3","4.4","4.2","4.3","34200","1589241600"
"2020-05-13","AFX","4.4","4.4","4.3","4.4","8800","1589328000"
"2020-05-14","AFX","4.4","4.7","4.4","4.7","71900","1589414400"
"2020-05-15","AFX","4.7","5","4.6","4.8","108300","1589500800"
"2020-05-18","AFX","4.8","4.8","4.6","4.6","18800","1589760000"
"2020-05-19","AFX","4.4","4.6","4.4","4.4","56300","1589846400"
"2020-05-20","AFX","4.4","4.6","4.3","4.4","31900","1589932800"
"2020-05-21","AFX","4.5","4.5","4.3","4.5","17500","1590019200"
"2020-05-22","AFX","4.4","4.4","4.2","4.3","45800","1590105600"
"2020-05-25","AFX","4.2","4.4","4.2","4.3","22100","1590364800"
"2020-05-26","AFX","4.4","4.4","4.3","4.4","36000","1590451200"
"2020-05-27","AFX","4.4","4.4","4.4","4.4","38200","1590537600"
"2020-05-28","AFX","4.4","4.4","4.3","4.3","18600","1590624000"
"2020-05-29","AFX","4.3","4.3","4.1","4.2","82000","1590710400"
"2020-06-01","AFX","4.1","4.4","4.1","4.4","23400","1590969600"
"2020-06-02","AFX","4.4","4.5","4.2","4.2","40400","1591056000"
"2020-06-03","AFX","4.2","4.3","4.1","4.3","29400","1591142400"
"2020-06-04","AFX","4.3","4.4","4.3","4.3","24100","1591228800"
"2020-06-05","AFX","4.3","4.9","4.3","4.9","249100","1591315200"
"2020-06-08","AFX","5.2","5.5","5.1","5.5","243300","1591574400"
"2020-06-09","AFX","5.8","6.2","5","5.8","258600","1591660800"
"2020-06-10","AFX","5.2","6","5.2","5.7","189900","1591747200"
"2020-06-11","AFX","5.7","5.9","4.8","4.8","231200","1591833600"
"2020-06-12","AFX","4.5","5.3","4.5","5.2","101600","1591920000"
"2020-06-15","AFX","4.8","5","4.4","4.5","176300","1592179200"
"2020-06-16","AFX","4.6","5.2","4.5","4.7","48000","1592265600"
"2020-06-17","AFX","4.9","5","4.5","4.6","85600","1592352000"
"2020-06-18","AFX","4.5","4.6","4.5","4.5","16300","1592438400"
"2020-06-19","AFX","4.5","4.7","4.4","4.6","52600","1592524800"
"2020-06-22","AFX","4.6","5.1","4.6","5.1","194700","1592784000"
"2020-06-23","AFX","5.5","5.7","5.4","5.5","243700","1592870400"
"2020-06-24","AFX","5.7","5.7","5.1","5.4","109800","1592956800"
"2020-06-25","AFX","5.3","5.4","5.1","5.3","68200","1593043200"
"2020-06-26","AFX","5.3","5.3","5","5","20900","1593129600"
"2020-06-29","AFX","4.9","5","4.7","5","76100","1593388800"
"2020-06-30","AFX","4.8","5","4.7","4.9","25700","1593475200"
"2020-07-01","AFX","5","5","4.6","5","51200","1593561600"
"2020-07-02","AFX","5","5","4.9","4.9","13200","1593648000"
"2020-07-03","AFX","4.9","5.1","4.9","5.1","16300","1593734400"
"2020-07-06","AFX","5","5.1","5","5","14400","1593993600"
"2020-07-07","AFX","5","5.5","5","5","31100","1594080000"
"2020-07-08","AFX","5","5.1","5","5","22800","1594166400"
"2020-07-09","AFX","5","5.1","4.9","5.1","32100","1594252800"
"2020-07-10","AFX","5.2","5.3","5","5.1","47500","1594339200"
"2020-07-13","AFX","5.2","5.4","5.1","5.3","120800","1594598400"
"2020-07-14","AFX","5.3","5.5","5.2","5.4","31800","1594684800"
"2020-07-15","AFX","5.5","5.5","5.4","5.4","38500","1594771200"
"2020-07-16","AFX","5.4","5.4","5.1","5.2","39400","1594857600"
"2020-07-17","AFX","5.2","5.3","5.1","5.3","8100","1594944000"
"2020-07-20","AFX","5.3","5.5","5.1","5.3","83500","1595203200"
"2020-07-21","AFX","5.4","6","5.4","6","410300","1595289600"
"2020-07-22","AFX","6.5","6.5","5.8","5.9","166900","1595376000"
"2020-07-23","AFX","5.9","6","5.6","5.8","122400","1595462400"
"2020-07-24","AFX","5.8","5.8","5.2","5.4","199300","1595548800"
"2020-07-27","AFX","5.4","5.4","5","5.1","105100","1595808000"
"2020-07-28","AFX","5.1","5.5","5.1","5.3","76500","1595894400"
"2020-07-29","AFX","5.3","5.3","5","5.1","85600","1595980800"
"2020-07-30","AFX","5.1","5.4","5.1","5.3","44600","1596067200"
"2020-07-31","AFX","5.3","6","5.3","5.8","241800","1596153600"
"2020-08-03","AFX","5.8","5.9","5.7","5.8","96300","1596412800"
"2020-08-04","AFX","5.8","6.3","5.7","6.2","155500","1596499200"
"2020-08-05","AFX","6.5","7","6.2","6.3","128300","1596585600"
"2020-08-06","AFX","6.2","6.2","6","6.2","80900","1596672000"
"2020-08-07","AFX","6.1","6.2","6","6","122700","1596758400"
"2020-08-10","AFX","6","7","6","7","378700","1597017600"
"2020-08-11","AFX","7.8","7.8","7.8","7.8","112500","1597104000"
"2020-08-12","AFX","8.9","8.9","8.9","8.9","352300","1597190400"
"2020-08-13","AFX","10.1","10.2","9","10.2","778000","1597276800"
"2020-08-14","AFX","11.4","11.5","10.8","11.5","289100","1597363200"
"2020-08-17","AFX","12","12.9","11.5","11.9","483200","1597622400"
"2020-08-18","AFX","11.9","11.9","10.6","10.6","390000","1597708800"
"2020-08-19","AFX","9.5","10.7","9.3","10.4","473600","1597795200"
"2020-08-20","AFX","10","11.1","10","10.8","347000","1597881600"
"2020-08-21","AFX","11.2","11.2","10","10.1","291700","1597968000"
"2020-08-24","AFX","10.1","10.5","9.6","10.1","361000","1598227200"
"2020-08-25","AFX","10","10.1","9.7","9.9","312000","1598313600"
"2020-08-26","AFX","9.8","9.9","9.4","9.9","417300","1598400000"
"2020-08-27","AFX","9.6","10.7","9.5","10.5","331400","1598486400"
"2020-08-28","AFX","10.5","10.6","10.1","10.2","193400","1598572800"
"2020-08-31","AFX","10.1","10.1","9.8","10","294600","1598832000"
"2020-09-01","AFX","10","10","9.3","9.4","246000","1598918400"
"2020-09-03","AFX","9.5","10","9.4","9.8","208300","1599091200"
"2020-09-04","AFX","9.4","9.6","9.3","9.5","106400","1599177600"
"2020-09-07","AFX","9.5","10.9","9.3","10.8","922600","1599436800"
"2020-09-08","AFX","10.8","10.8","9","9.8","570800","1599523200"
"2020-09-09","AFX","9.3","9.8","9.2","9.4","286000","1599609600"
"2020-09-10","AFX","9.3","9.3","8","8.3","639300","1599696000"
"2020-09-11","AFX","8","8.3","7.8","8.1","422600","1599782400"
"2020-09-14","AFX","8.1","8.5","8.1","8.4","168000","1600041600"
"2020-09-15","AFX","8.4","8.4","8","8.2","205900","1600128000"
"2020-09-16","AFX","8.2","8.2","8","8","125400","1600214400"
"2020-09-17","AFX","8.1","8.1","7.8","7.9","166400","1600300800"
"2020-09-18","AFX","7.8","8","7.5","7.8","180300","1600387200"
"2020-09-21","AFX","8","8.5","8","8.4","319600","1600646400"
"2020-09-22","AFX","8.4","8.7","8.2","8.5","237300","1600732800"
"2020-09-23","AFX","8.5","8.6","8.4","8.5","143800","1600819200"
"2020-09-24","AFX","8.4","8.5","8.3","8.3","165200","1600905600"
"2020-09-25","AFX","8.2","8.3","8","8.2","150100","1600992000"
"2020-09-28","AFX","8.1","8.5","8.1","8.1","109600","1601251200"
"2020-09-29","AFX","8.2","8.2","7.9","8","120600","1601337600"
"2020-09-30","AFX","8","8","7.8","7.9","54400","1601424000"
"2020-10-01","AFX","7.9","8.2","7.9","8","73900","1601510400"
"2020-10-02","AFX","8.1","8.4","7.9","8.4","202800","1601596800"
"2020-10-05","AFX","8.5","9.3","8.3","9.3","759500","1601856000"
"2020-10-06","AFX","9.8","9.8","9","9.2","168800","1601942400"
"2020-10-07","AFX","9.2","9.3","8.9","9.1","182600","1602028800"
"2020-10-08","AFX","9.1","9.1","8.8","8.9","186800","1602115200"
"2020-10-09","AFX","8.9","9","8.8","8.9","66900","1602201600"
"2020-10-12","AFX","9","9.2","8.8","8.9","75600","1602460800"
"2020-10-13","AFX","8.9","9","8.7","8.8","76300","1602547200"
"2020-10-14","AFX","8.8","8.9","8.4","8.7","113300","1602633600"
"2020-10-15","AFX","8.6","8.7","8.2","8.3","143700","1602720000"
"2020-10-16","AFX","8.3","8.4","8.1","8.2","89900","1602806400"
"2020-10-19","AFX","8.3","8.5","8.1","8.3","76200","1603065600"
"2020-10-20","AFX","8.3","8.4","7.8","8.1","266900","1603152000"
"2020-10-21","AFX","7.9","8","7.5","7.7","329500","1603238400"
"2020-10-22","AFX","7.7","7.7","7.4","7.6","125700","1603324800"
"2020-10-23","AFX","7.5","8","7.5","8","123100","1603411200"
"2020-10-26","AFX","7.7","8.1","7.7","8","188400","1603670400"
"2020-10-27","AFX","8","8","7.8","7.8","72200","1603756800"
"2020-10-28","AFX","7.8","7.8","7.5","7.6","103000","1603843200"
"2020-10-29","AFX","7.7","7.7","7.5","7.7","158100","1603929600"
"2020-10-30","AFX","7.7","7.8","7.7","7.7","52800","1604016000"
"2020-11-02","AFX","7.9","8.5","7.9","8.5","346500","1604275200"
"2020-11-03","AFX","8.9","9.2","8.6","9","348900","1604361600"
"2020-11-04","AFX","9.1","9.5","9.1","9.3","309700","1604448000"
"2020-11-05","AFX","9.4","9.4","8.9","8.9","234700","1604534400"
"2020-11-06","AFX","9","9","8.6","8.8","153700","1604620800"
"2020-11-09","AFX","8.8","8.8","8.4","8.4","183300","1604880000"
"2020-11-10","AFX","8.6","8.7","8.2","8.2","158300","1604966400"
"2020-11-11","AFX","8.3","8.6","8.3","8.6","85600","1605052800"
"2020-11-12","AFX","8.5","8.5","8.3","8.5","84900","1605139200"
"2020-11-13","AFX","8.4","8.4","8.3","8.4","34000","1605225600"
"2020-11-16","AFX","8.5","8.6","8.4","8.5","169900","1605484800"
"2020-11-17","AFX","8.5","8.5","8.4","8.5","59000","1605571200"
"2020-11-18","AFX","8.5","8.5","8.4","8.4","43200","1605657600"
"2020-11-19","AFX","8.5","8.5","8.4","8.5","89800","1605744000"
"2020-11-20","AFX","8.5","9.1","8.5","8.9","251400","1605830400"
"2020-11-23","AFX","9.1","9.6","9","9.1","232900","1606089600"
"2020-11-24","AFX","9.3","9.3","9","9.3","296600","1606176000"
"2020-11-25","AFX","9.4","10.4","9.4","10.4","645600","1606262400"
"2020-11-26","AFX","11.8","11.8","10.8","11.7","1131000","1606348800"
"2020-11-27","AFX","11.7","13.2","11.7","13.2","692200","1606435200"
"2020-11-30","AFX","12.9","13","11.9","12.6","267200","1606694400"
"2020-12-01","AFX","12.2","12.3","11.5","11.9","279000","1606780800"
"2020-12-02","AFX","12","12.4","11.6","12.2","281200","1606867200"
"2020-12-03","AFX","12.6","13.5","12.3","12.4","532500","1606953600"
"2020-12-04","AFX","12.8","13","11.1","12","572200","1607040000"
"2020-12-07","AFX","12.1","13.2","12.1","12.6","481100","1607299200"
"2020-12-08","AFX","12.8","12.9","12.3","12.5","175100","1607385600"
"2020-12-09","AFX","12.5","12.7","12.4","12.6","242400","1607472000"
"2020-12-10","AFX","12.7","12.7","12.2","12.3","259500","1607558400"
"2020-12-11","AFX","12.4","12.5","12.2","12.4","117200","1607644800"
"2020-12-14","AFX","12.5","12.5","11.8","12","331200","1607904000"
"2020-12-15","AFX","12","12.1","11.8","11.9","136400","1607990400"
"2020-12-16","AFX","11.9","12.1","11.4","12","277400","1608076800"
"2020-12-17","AFX","11.9","12.5","11.9","12.1","252600","1608163200"
"2020-12-18","AFX","12.3","12.4","12.1","12.2","60700","1608249600"
"2020-12-21","AFX","12.3","12.4","11.9","12.1","139100","1608508800"
"2020-12-22","AFX","12.4","12.4","11.7","11.8","221300","1608595200"
"2020-12-23","AFX","11.9","12","11.7","11.9","224200","1608681600"
"2020-12-24","AFX","12","12","11.4","11.6","194000","1608768000"
"2020-12-25","AFX","11.8","11.9","11.5","11.9","156800","1608854400"
"2020-12-28","AFX","12","12.1","11.7","11.8","139900","1609113600"
"2020-12-29","AFX","11.8","11.8","11.5","11.7","150500","1609200000"
"2020-12-30","AFX","11.6","11.6","11.4","11.5","94900","1609286400"
"2020-12-31","AFX","11.5","11.8","11.5","11.6","115300","1609372800"
"2021-01-04","AFX","11.6","12.2","11.6","11.9","355600","1609718400"
"2021-01-05","AFX","12.1","12.1","11.8","11.8","113100","1609804800"
"2021-01-06","AFX","11.9","12.3","11.7","12.3","318600","1609891200"
"2021-01-07","AFX","12.3","12.6","12.2","12.5","320100","1609977600"
"2021-01-08","AFX","12.5","12.7","12.4","12.4","190600","1610064000"
"2021-01-11","AFX","12.4","12.7","12.2","12.7","315200","1610323200"
"2021-01-12","AFX","12.8","13.9","12.5","13.6","951500","1610409600"
"2021-01-13","AFX","13.7","14.4","13.7","13.9","731400","1610496000"
"2021-01-14","AFX","14.1","14.1","13.5","13.7","216400","1610582400"
"2021-01-15","AFX","13.7","13.8","13.2","13.6","321200","1610668800"
"2021-01-18","AFX","13.5","14","13.5","13.8","283500","1610928000"
"2021-01-19","AFX","13.8","14.2","12.4","13.4","583800","1611014400"
"2021-01-20","AFX","12.9","13.4","12.1","13.2","429900","1611100800"
"2021-01-21","AFX","12.7","13.2","12.7","13.2","100000","1611187200"
"2021-01-22","AFX","13","13.8","13","13.8","334800","1611273600"
"2021-01-25","AFX","14.5","15","13.8","14.2","563200","1611532800"
"2021-01-26","AFX","14.2","14.2","13.7","13.9","215000","1611619200"
"2021-01-27","AFX","13.7","13.9","13.1","13.2","189500","1611705600"
"2021-01-28","AFX","13","13","11.5","11.6","862800","1611792000"
"2021-01-29","AFX","10.8","13.3","10.8","12.8","138600","1611878400"
"2021-02-01","AFX","13.3","13.3","12.5","12.5","47700","1612137600"
"2021-02-02","AFX","12.7","12.8","12.4","12.8","105400","1612224000"
"2021-02-03","AFX","13.1","13.1","12.6","12.9","138200","1612310400"
"2021-02-04","AFX","12.8","12.8","12.5","12.7","100500","1612396800"
"2021-02-05","AFX","12.7","12.9","12.7","12.9","77500","1612483200"
"2021-02-08","AFX","13.1","13.1","12.5","12.5","77600","1612742400"
"2021-02-09","AFX","12.6","14","12.5","13.1","127500","1612828800"
"2021-02-17","AFX","12.9","13","12.5","12.8","144000","1613520000"
"2021-02-18","AFX","12.7","12.9","12.7","12.9","84200","1613606400"
"2021-02-19","AFX","13","13.4","12.9","13.1","238900","1613692800"
"2021-02-22","AFX","13.4","13.5","12.8","13.3","141300","1613952000"
"2021-02-23","AFX","13.3","13.3","12.9","13.1","113300","1614038400"
"2021-02-24","AFX","13","13.1","12.6","13.1","153800","1614124800"
"2021-02-25","AFX","13","13.2","12.7","13.1","72400","1614211200"
"2021-02-26","AFX","12.9","13.3","12.8","13","132100","1614297600"
"2021-03-01","AFX","13.3","13.3","13","13.1","66200","1614556800"
"2021-03-02","AFX","13.1","13.2","13","13.2","68200","1614643200"
"2021-03-03","AFX","13","13.6","13","13.5","273500","1614729600"
"2021-03-04","AFX","13.6","14.8","13.6","14.5","753400","1614816000"
"2021-03-05","AFX","14.5","14.8","13.9","14.4","166500","1614902400"
"2021-03-08","AFX","14.4","15","14.2","14.6","477100","1615161600"
"2021-03-09","AFX","14.3","14.7","14.2","14.4","186600","1615248000"
"2021-03-10","AFX","14.6","14.6","14.3","14.5","180000","1615334400"
"2021-03-11","AFX","14.4","14.4","14","14.4","180100","1615420800"
"2021-03-12","AFX","14.3","14.3","14","14.2","192300","1615507200"
"2021-03-15","AFX","14.2","14.4","13.9","14.2","151200","1615766400"
"2021-03-16","AFX","14.1","14.1","13.9","14","77900","1615852800"
"2021-03-17","AFX","14","14","13.9","13.9","121400","1615939200"
"2021-03-18","AFX","14.1","14.8","14.1","14.6","654200","1616025600"
"2021-03-19","AFX","14.9","15","14.5","14.6","141900","1616112000"
"2021-03-22","AFX","14.6","14.6","14.3","14.4","90400","1616371200"
"2021-03-23","AFX","13.5","14.4","13.5","14","229200","1616457600"
"2021-03-24","AFX","13.9","14.1","13.5","13.9","297000","1616544000"
"2021-03-25","AFX","13.8","13.8","13.5","13.7","80600","1616630400"
"2021-03-26","AFX","13.5","13.7","12.8","13.7","169700","1616716800"
"2021-03-29","AFX","13.5","13.6","13.3","13.5","92300","1616976000"
"2021-03-30","AFX","13.6","13.9","13.3","13.5","71600","1617062400"
"2021-03-31","AFX","13.3","14","13.3","14","76100","1617148800"
"2021-04-01","AFX","13.6","13.8","13.5","13.6","65700","1617235200"
"2021-04-02","AFX","13.9","13.9","13.3","13.4","145500","1617321600"
"2021-04-05","AFX","13.3","13.6","13.3","13.5","39800","1617580800"
"2021-04-06","AFX","13.5","13.5","13.2","13.3","72500","1617667200"
"2021-04-07","AFX","13.3","13.5","13.2","13.4","132100","1617753600"
"2021-04-08","AFX","13.8","13.8","13.3","13.4","135200","1617840000"
"2021-04-09","AFX","13.5","13.7","13.5","13.5","30700","1617926400"
"2021-04-12","AFX","13.5","13.6","13.1","13.5","99700","1618185600"
"2021-04-13","AFX","13.3","13.4","13.1","13.2","79200","1618272000"
"2021-04-14","AFX","13.2","13.7","13.1","13.5","127000","1618358400"
"2021-04-15","AFX","13.2","13.5","13.2","13.3","98200","1618444800"
"2021-04-16","AFX","13.3","13.4","13.1","13.3","109400","1618531200"
"2021-04-19","AFX","13.6","13.6","13.1","13.2","135300","1618790400"
"2021-04-20","AFX","13.2","13.2","13","13.2","149000","1618876800"
"2021-04-22","AFX","13.1","13.1","12.9","13.1","92700","1619049600"
"2021-04-23","AFX","13","13","12.9","13","75800","1619136000"
"2021-04-26","AFX","13.2","13.5","12.9","13.1","44100","1619395200"
"2021-04-27","AFX","13.3","13.4","12.9","13.2","26100","1619481600"
"2021-04-28","AFX","13.2","13.2","13","13.1","75700","1619568000"
"2021-04-29","AFX","13.3","13.3","13","13.2","36800","1619654400"
"2021-05-04","AFX","13.1","13.3","13","13.2","66600","1620086400"
"2021-05-05","AFX","13.2","13.3","13.1","13.1","82100","1620172800"
"2021-05-06","AFX","13.3","14","13.3","13.5","153000","1620259200"
"2021-05-07","AFX","13.5","14","13.1","13.2","36300","1620345600"
"2021-05-10","AFX","13.2","13.3","12.9","13.2","122300","1620604800"
"2021-05-11","AFX","13.3","13.3","12.9","13.1","74000","1620691200"
"2021-05-12","AFX","13.1","13.1","12.9","13.1","98400","1620777600"
"2021-05-13","AFX","13","13.1","12.9","13.1","75800","1620864000"
"2021-05-14","AFX","13","13.5","12.8","13.5","258700","1620950400"
"2021-05-17","AFX","13.3","13.5","13.1","13.2","43000","1621209600"
"2021-05-18","AFX","13.4","13.4","13.1","13.1","33500","1621296000"
"2021-05-19","AFX","13","13.2","12.9","13.2","17700","1621382400"
"2021-05-20","AFX","13.2","13.2","13","13.1","31700","1621468800"
"2021-05-21","AFX","13.1","13.1","13","13.1","109200","1621555200"
"2021-05-24","AFX","13.1","13.1","13","13.1","93100","1621814400"
"2021-05-25","AFX","13.1","13.1","12.9","13.1","72100","1621900800"
"2021-05-26","AFX","13.1","13.1","13","13.1","49700","1621987200"
"2021-05-27","AFX","13","13.1","12.9","13","35900","1622073600"
"2021-05-28","AFX","13.1","13.1","12.9","13","51500","1622160000"
"2021-05-31","AFX","12.8","13.1","12.8","13","70600","1622419200"
"2021-06-01","AFX","13","13","12.9","13","148000","1622505600"
"2021-06-02","AFX","13","14","12.9","13.8","491400","1622592000"
"2021-06-03","AFX","13.6","14.5","13.6","14.3","680100","1622678400"
"2021-06-04","AFX","14.3","14.4","13.9","14.1","191800","1622764800"
"2021-06-07","AFX","14.1","14.2","13.4","13.5","222800","1623024000"
"2021-06-08","AFX","13.6","14.5","13.3","13.8","290000","1623110400"
"2021-06-09","AFX","13.8","14","13.6","13.9","105500","1623196800"
"2021-06-10","AFX","13.9","13.9","13.5","13.8","59600","1623283200"
"2021-06-11","AFX","13.8","15.3","13.8","15.1","1323600","1623369600"
"2021-06-14","AFX","15.1","15.4","14.8","14.8","239500","1623628800"
"2021-06-15","AFX","14.7","14.9","14.4","14.5","96600","1623715200"
"2021-06-16","AFX","14.4","14.7","13.9","14.1","439300","1623801600"
"2021-06-17","AFX","14.1","14.5","13.8","14.3","158800","1623888000"
"2021-06-18","AFX","14.3","14.8","14.3","14.5","143100","1623974400"
"2021-06-21","AFX","14.6","14.7","14","14.2","186500","1624233600"
"2021-06-22","AFX","14.3","14.3","13.7","13.9","370400","1624320000"
"2021-06-23","AFX","13.7","14.1","13.5","13.5","289800","1624406400"
"2021-06-24","AFX","13.5","13.7","13.3","13.6","151100","1624492800"
"2021-06-25","AFX","13.7","13.7","13.4","13.6","70400","1624579200"
"2021-06-28","AFX","13.6","13.9","13.5","13.6","156400","1624838400"
"2021-06-29","AFX","13.5","13.7","13.5","13.6","81000","1624924800"
"2021-06-30","AFX","13.5","13.7","13.4","13.5","146200","1625011200"
"2021-07-01","AFX","13.5","13.5","13.3","13.4","195600","1625097600"
"2021-07-02","AFX","13.3","13.3","13.1","13.2","258800","1625184000"
"2021-07-05","AFX","13.1","13.3","12.9","13.2","184900","1625443200"
"2021-07-06","AFX","13.7","13.7","12.9","13.1","106300","1625529600"
"2021-07-07","AFX","13.1","13.2","13","13.2","73500","1625616000"
"2021-07-08","AFX","13.1","13.4","13.1","13.3","111200","1625702400"
"2021-07-09","AFX","13.1","13.7","13.1","13.4","135800","1625788800"
"2021-07-12","AFX","13.5","13.5","12.6","13.2","236800","1626048000"
"2021-07-13","AFX","13.1","13.4","13.1","13.4","82500","1626134400"
"2021-07-14","AFX","13.3","13.4","13.1","13.2","36000","1626220800"
"2021-07-15","AFX","13.2","13.4","13.2","13.4","67100","1626307200"
"2021-07-16","AFX","13.5","13.5","13.1","13.4","98900","1626393600"
"2021-07-19","AFX","13.2","13.3","13.1","13.2","85700","1626652800"
"2021-07-20","AFX","13.2","13.4","13.1","13.4","77000","1626739200"
"2021-07-21","AFX","13.3","13.5","13.3","13.5","62600","1626825600"
"2021-07-22","AFX","13.5","13.7","13.4","13.6","87100","1626912000"
"2021-07-23","AFX","13.5","13.5","13.3","13.3","56400","1626998400"
"2021-07-26","AFX","13.3","13.4","13.1","13.4","31300","1627257600"
"2021-07-27","AFX","13.6","13.6","13.3","13.4","13900","1627344000"
"2021-07-28","AFX","13.4","13.4","13.2","13.2","16000","1627430400"
"2021-07-29","AFX","13.3","13.4","13.2","13.4","37200","1627516800"
"2021-07-30","AFX","13.3","13.5","13.2","13.2","48700","1627603200"
"2021-08-02","AFX","13.4","13.4","13.1","13.4","58000","1627862400"
"2021-08-03","AFX","13.5","13.5","13.2","13.4","36000","1627948800"
"2021-08-04","AFX","13.3","13.4","13.2","13.3","65500","1628035200"
"2021-08-05","AFX","13.3","13.4","13.2","13.4","86500","1628121600"
"2021-08-06","AFX","13.4","13.4","13.3","13.3","29600","1628208000"
"2021-08-09","AFX","13.3","13.4","13.3","13.3","40000","1628467200"
"2021-08-10","AFX","13.4","13.4","13.2","13.3","72800","1628553600"
"2021-08-11","AFX","13.2","13.4","13.2","13.3","32300","1628640000"
"2021-08-12","AFX","13.2","13.3","13.2","13.3","42100","1628726400"
"2021-08-13","AFX","13.2","13.8","13.2","13.6","174300","1628812800"
"2021-08-16","AFX","13.7","14.2","13.7","13.9","90800","1629072000"
"2021-08-17","AFX","14","14","13.6","13.7","31900","1629158400"
"2021-08-18","AFX","13.6","13.6","13.3","13.4","66800","1629244800"
"2021-08-19","AFX","13.5","13.6","13.3","13.4","66300","1629331200"
"2021-08-20","AFX","13.5","13.5","13.1","13.1","95700","1629417600"
"2021-08-23","AFX","13.2","13.4","13.1","13.2","52000","1629676800"
"2021-08-24","AFX","13.2","13.2","13","13.2","74300","1629763200"
"2021-08-25","AFX","13.2","13.3","13.2","13.2","25700","1629849600"
"2021-08-26","AFX","13.3","13.5","13.2","13.4","46600","1629936000"
"2021-08-27","AFX","13.4","13.5","13.2","13.3","67600","1630022400"
"2021-08-30","AFX","13.3","13.4","13.3","13.3","35600","1630281600"
"2021-08-31","AFX","13.3","13.4","13.1","13.2","80200","1630368000"
"2021-09-01","AFX","13.2","13.4","13.2","13.3","75000","1630454400"
"2021-09-06","AFX","13.3","14","13.2","13.9","257400","1630886400"
"2021-09-07","AFX","13.9","14.5","13.9","14","406100","1630972800"
"2021-09-08","AFX","14","14","13.5","13.7","66200","1631059200"
"2021-09-09","AFX","13.8","13.8","13.5","13.6","83300","1631145600"
"2021-09-10","AFX","13.5","13.8","13.4","13.6","89700","1631232000"
"2021-09-13","AFX","13.5","13.6","13.3","13.4","87100","1631491200"
"2021-09-14","AFX","13.4","13.5","13.3","13.5","89100","1631577600"
"2021-09-15","AFX","13.4","14.2","13.4","14.1","339900","1631664000"
"2021-09-16","AFX","13.9","14.2","13.5","14","199300","1631750400"
"2021-09-17","AFX","13.9","14.1","13.7","14","235000","1631836800"
"2021-09-20","AFX","14","15.9","14","15.9","1563800","1632096000"
"2021-09-21","AFX","15.9","17.3","15.4","17.3","683200","1632182400"
"2021-09-22","AFX","17.3","18.9","17","17.2","439600","1632268800"
"2021-09-23","AFX","16.9","17.2","15.6","15.7","973700","1632355200"
"2021-09-24","AFX","15.7","15.9","14","14.8","571600","1632441600"
"2021-09-27","AFX","14.3","14.4","13.9","13.9","293000","1632700800"
"2021-09-28","AFX","14","14","13.5","14","261600","1632787200"
"2021-09-29","AFX","14","14.8","13.8","14.6","256900","1632873600"
"2021-09-30","AFX","14.5","15.5","14.3","14.5","153400","1632960000"
"2021-10-01","AFX","14.4","14.7","14.3","14.3","81300","1633046400"
"2021-10-04","AFX","14.3","14.3","13.6","14","445800","1633305600"
"2021-10-05","AFX","13.8","14.3","13.8","14.1","72300","1633392000"
"2021-10-06","AFX","14.2","14.3","14","14.1","183600","1633478400"
"2021-10-07","AFX","14.1","14.2","13.9","14","105400","1633564800"
"2021-10-08","AFX","14","14","13.8","13.9","123300","1633651200"
"2021-10-11","AFX","13.9","14","13.8","13.8","148000","1633910400"
"2021-10-12","AFX","13.8","13.9","13.7","13.8","148000","1633996800"
"2021-10-13","AFX","13.8","13.9","13.7","13.8","100300","1634083200"
"2021-10-14","AFX","13.7","14.7","13.7","14.6","295500","1634169600"
"2021-10-15","AFX","14.5","14.6","14.2","14.3","116000","1634256000"
"2021-10-18","AFX","14.4","14.4","14","14.1","84500","1634515200"
"2021-10-19","AFX","14.1","14.9","14","14.4","153400","1634601600"
"2021-10-20","AFX","14.4","14.4","14.1","14.3","106700","1634688000"
"2021-10-21","AFX","14.2","14.4","14","14.3","107900","1634774400"
"2021-10-22","AFX","14.3","15.3","14.3","15.1","419600","1634860800"
"2021-10-25","AFX","15.4","15.4","14.9","15","210200","1635120000"
"2021-10-26","AFX","15.1","15.1","14.6","14.8","124700","1635206400"
"2021-10-27","AFX","14.8","15.6","14.6","15.5","480900","1635292800"
"2021-10-28","AFX","15.4","15.6","15.1","15.1","204100","1635379200"
"2021-10-29","AFX","15.4","15.4","14.9","15.2","168300","1635465600"
"2021-11-01","AFX","15.3","15.3","14.8","15.1","386700","1635724800"
"2021-11-02","AFX","15","16.5","14.9","16","504100","1635811200"
"2021-11-03","AFX","16.1","16.4","15.2","15.6","310800","1635897600"
"2021-11-04","AFX","15.6","15.6","15.2","15.4","211700","1635984000"
"2021-11-05","AFX","15.3","16.1","15.3","15.8","278700","1636070400"
"2021-11-08","AFX","15.9","16.8","15.8","16.1","249300","1636329600"
"2021-11-09","AFX","16","16.2","15.7","16","154100","1636416000"
"2021-11-10","AFX","15.9","16","15.6","15.7","222300","1636502400"
"2021-11-11","AFX","15.8","15.9","15.3","15.7","270300","1636588800"
"2021-11-12","AFX","15.6","16.6","15.5","16.5","705000","1636675200"
"2021-11-15","AFX","16.6","16.9","16.2","16.4","321600","1636934400"
"2021-11-16","AFX","16.4","16.4","15.8","16","198100","1637020800"
"2021-11-17","AFX","16","16.2","15.5","16","252600","1637107200"
"2021-11-18","AFX","16","16.2","15.7","16.2","309800","1637193600"
"2021-11-19","AFX","16.3","16.5","15.4","15.8","478400","1637280000"
"2021-11-22","AFX","15.8","15.8","14.8","15.1","298500","1637539200"
"2021-11-23","AFX","15.1","15.2","14.7","15","228300","1637625600"
"2021-11-24","AFX","15","15.1","14.6","14.9","227900","1637712000"
"2021-11-25","AFX","14.9","15","14.6","15","168100","1637798400"
"2021-11-26","AFX","15","15.4","14.7","14.9","96000","1637884800"
"2021-11-29","AFX","14.8","14.8","14","14.7","113800","1638144000"
"2021-11-30","AFX","14.7","15.1","14.4","14.7","222800","1638230400"
"2021-12-01","AFX","14.6","14.7","14.5","14.5","150500","1638316800"
"2021-12-02","AFX","14.5","15","14.5","14.6","97300","1638403200"
"2021-12-03","AFX","14.9","14.9","14.2","14.4","210300","1638489600"
"2021-12-06","AFX","14.2","14.4","13.6","13.9","237900","1638748800"
"2021-12-07","AFX","14","14.7","14","14.5","134500","1638835200"
"2021-12-08","AFX","14.5","14.6","14.3","14.4","155800","1638921600"
"2021-12-09","AFX","14.4","14.6","14.3","14.5","46700","1639008000"
"2021-12-10","AFX","14.4","14.6","14.4","14.4","57100","1639094400"
"2021-12-13","AFX","14.4","14.6","14.3","14.6","92700","1639353600"
"2021-12-14","AFX","14.6","14.7","14.5","14.6","103500","1639440000"
"2021-12-15","AFX","14.6","14.6","14.5","14.6","126400","1639526400"
"2021-12-16","AFX","14.6","15.7","14.6","15.3","230600","1639612800"
"2021-12-17","AFX","15.3","15.4","14.9","15.1","104100","1639699200"
"2021-12-20","AFX","15.4","15.4","15","15.3","133400","1639958400"
"2021-12-21","AFX","15.3","15.5","15","15.5","190700","1640044800"
"2021-12-22","AFX","15.4","16.2","15.4","16","328400","1640131200"
"2021-12-23","AFX","16.2","16.5","16","16.5","398200","1640217600"
"2021-12-24","AFX","16.3","16.4","16","16.1","125700","1640304000"
"2021-12-27","AFX","16.1","16.1","15.6","15.8","147700","1640563200"
"2021-12-28","AFX","15.8","15.9","15.1","15.9","225000","1640649600"
"2021-12-29","AFX","16","16.5","15.8","16.5","300400","1640736000"
"2021-12-30","AFX","16.5","18.3","16.5","16.8","358600","1640822400"
"2021-12-31","AFX","16.4","18.2","15.9","18.2","977800","1640908800"
"2022-01-04","AFX","17.6","17.7","16","16","384908","1641254400"
"2022-01-05","AFX","16.1","16.1","15.6","15.7","175600","1641340800"
"2022-01-06","AFX","16.5","16.9","15.5","16","54564","1641427200"
"2022-01-07","AFX","16","16","15.6","15.7","104300","1641513600"
"2022-01-10","AFX","15.7","15.7","15","15.3","172133","1641772800"
"2022-01-11","AFX","15.1","15.3","15.1","15.1","32000","1641859200"
"2022-01-12","AFX","15.2","15.4","14.6","14.8","70758","1641945600"
"2022-01-13","AFX","14.8","15.7","14.8","15.2","67146","1642032000"
"2022-01-14","AFX","15.2","15.4","14.9","15.1","40474","1642118400"
"2022-01-17","AFX","15","15","14.2","14.6","129100","1642377600"
"2022-01-18","AFX","14","14.5","14","14.4","66400","1642464000"
"2022-01-19","AFX","14.1","14.7","14.1","14.5","15200","1642550400"
"2022-01-20","AFX","14.5","15","14.5","15","31400","1642636800"
"2022-01-21","AFX","15","15.4","15","15.2","29500","1642723200"
"2022-01-24","AFX","15.1","15.1","14.5","14.5","20302","1642982400"
"2022-01-25","AFX","14.8","14.9","14.5","14.9","12200","1643068800"
"2022-01-26","AFX","14.9","14.9","14.6","14.6","9230","1643155200"
"2022-01-27","AFX","14.7","14.7","14.3","14.3","23100","1643241600"
"2022-01-28","AFX","14.7","15.2","14","14","32400","1643328000"
"2022-02-07","AFX","14.4","14.9","14.4","14.8","8115","1644192000"
"2022-02-08","AFX","14.8","14.9","14.8","14.8","9700","1644278400"
"2022-02-09","AFX","14.7","15.1","14.7","14.8","26900","1644364800"
"2022-02-10","AFX","14.8","14.9","14.8","14.9","23030","1644451200"
"2022-02-11","AFX","14.9","14.9","14.6","14.8","13107","1644537600"
"2022-02-14","AFX","14.8","14.8","14.6","14.6","23100","1644796800"
"2022-02-15","AFX","14.6","14.8","14.6","14.7","14400","1644883200"
"2022-02-16","AFX","14.8","15","14.7","15","68700","1644969600"
"2022-02-17","AFX","15","15.1","14.9","15","40601","1645056000"
"2022-02-18","AFX","15","15","14.9","15","20223","1645142400"
"2022-02-21","AFX","15","15.1","14.8","15.1","60410","1645401600"
"2022-02-22","AFX","15.1","15.1","14.7","14.8","49400","1645488000"
"2022-02-23","AFX","15","15.2","15","15.2","120900","1645574400"
"2022-02-24","AFX","15.3","15.3","14.8","15","50920","1645660800"
"2022-02-25","AFX","15","15.8","15","15.7","227400","1645747200"
"2022-02-28","AFX","15.7","16.2","15.7","16.2","235130","1646006400"
"2022-03-01","AFX","16.5","16.5","15.9","15.9","104310","1646092800"
"2022-03-02","AFX","15.9","16.3","15.3","15.9","262765","1646179200"
"2022-03-03","AFX","16","16.2","15.7","16.1","174566","1646265600"
"2022-03-04","AFX","16.1","16.1","15.8","15.8","76516","1646352000"
"2022-03-07","AFX","15.8","16.5","15.8","16.2","477230","1646611200"
"2022-03-08","AFX","17","17","15.9","15.9","155800","1646697600"
"2022-03-09","AFX","15.8","16.5","15.8","15.8","107300","1646784000"
"2022-03-10","AFX","15.7","15.8","15.4","15.6","190800","1646870400"
"2022-03-11","AFX","15.5","16.1","15.5","15.6","201500","1646956800"
"2022-03-14","AFX","15.8","15.8","15.2","15.3","173900","1647216000"
"2022-03-15","AFX","15.3","15.4","14.9","15.1","124206","1647302400"
"2022-03-16","AFX","15.1","15.2","15","15.2","49800","1647388800"
"2022-03-17","AFX","15.2","15.4","15","15.1","66200","1647475200"
"2022-03-18","AFX","15.1","15.2","15","15","100000","1647561600"
"2022-03-21","AFX","15.1","17","15.1","16.8","908699","1647820800"
"2022-03-22","AFX","16.9","17.2","16.5","16.6","256200","1647907200"
"2022-03-23","AFX","16.8","17.1","16.5","17","386742","1647993600"
"2022-03-24","AFX","17","17.4","16.8","16.9","251355","1648080000"
"2022-03-25","AFX","17","17.5","16.8","17.2","175528","1648166400"
"2022-03-28","AFX","17.2","17.5","16.9","17.1","180612","1648425600"
"2022-03-29","AFX","17.1","17.3","16.9","17","191900","1648512000"
"2022-03-30","AFX","16.9","17","16.6","17","389600","1648598400"
"2022-03-31","AFX","16.7","17","16.7","16.7","83300","1648684800"
"2022-04-01","AFX","16.7","17","16.5","17","242901","1648771200"
"2022-04-04","AFX","17","17","16.8","16.9","261700","1649030400"
"2022-04-05","AFX","16.9","17","16.8","16.8","52300","1649116800"
"2022-04-06","AFX","16.8","16.9","16.7","16.8","48000","1649203200"
"2022-04-07","AFX","16.8","18.1","16.7","17.5","192606","1649289600"
"2022-04-08","AFX","16.9","18.3","16.9","18","327628","1649376000"
"2022-04-12","AFX","18","18.1","17.3","17.5","160740","1649721600"
"2022-04-13","AFX","17.6","17.9","17.5","17.8","103140","1649808000"
"2022-04-14","AFX","17.8","18","17.6","17.6","907431","1649894400"
"2022-04-15","AFX","17.8","17.9","17.6","17.8","383705","1649980800"
"2022-04-18","AFX","17.7","17.7","17.2","17.3","146957","1650240000"
"2022-04-19","AFX","17.3","17.9","17.2","17.4","5099800","1650326400"
"2022-04-20","AFX","17.5","17.5","17.2","17.5","71410","1650412800"
"2022-04-21","AFX","17.2","17.4","16.5","17.2","3360300","1650499200"
"2022-04-22","AFX","17.1","17.5","17","17.3","386604","1650585600"
"2022-04-25","AFX","17.2","17.6","16.4","16.9","3108900","1650844800"
"2022-04-26","AFX","16.4","17.2","16.4","17","862921","1650931200"
"2022-04-27","AFX","17","17.5","16.8","17","3069600","1651017600"
"2022-04-28","AFX","17.2","17.2","16.9","17","20300","1651104000"
"2022-04-29","AFX","17","17.1","16.9","17.1","3919400","1651190400"
"2022-05-04","AFX","17.1","17.1","16.8","16.9","35502","1651622400"
"2022-05-05","AFX","16.9","17","16.7","16.7","151164","1651708800"
"2022-05-06","AFX","16.7","16.8","16.5","16.7","36400","1651795200"
"2022-05-09","AFX","16.5","16.6","15.9","16.2","79300","1652054400"
"2022-05-10","AFX","16.2","16.2","15.6","16.2","61364","1652140800"
"2022-05-11","AFX","15.9","16","15.7","15.9","12200","1652227200"
"2022-05-12","AFX","15.7","15.8","15.4","15.6","24100","1652313600"
"2022-05-13","AFX","17","17","14.7","15","62600","1652400000"
"2022-05-16","AFX","15","15.4","15","15.2","8100","1652659200"
"2022-05-17","AFX","15","15","14.9","15","63900","1652745600"
"2022-05-18","AFX","16","16","14.8","15","27500","1652832000"
"2022-05-19","AFX","14.8","14.9","14","14.4","21501","1652918400"
"2022-05-20","AFX","14.5","14.5","14","14.4","80204","1653004800"
"2022-05-23","AFX","14.4","14.7","14.4","14.4","24400","1653264000"
"2022-05-24","AFX","14.6","14.6","14.4","14.5","6400","1653350400"
"2022-05-25","AFX","14.7","14.7","14.2","14.5","30500","1653436800"
"2022-05-26","AFX","14.5","14.7","14.5","14.7","49701","1653523200"
"2022-05-27","AFX","14.7","15.2","13","14.6","808300","1653609600"
"2022-05-30","AFX","15.2","15.2","14.4","14.4","4700","1653868800"
"2022-05-31","AFX","15","15","14.6","14.8","18706","1653955200"
"2022-06-01","AFX","14.5","14.5","14.2","14.3","289400","1654041600"
"2022-06-02","AFX","14.3","14.8","14.2","14.6","38300","1654128000"
"2022-06-03","AFX","14.6","15.8","14.6","15","1298700","1654214400"
"2022-06-06","AFX","15","15","14.6","14.6","13605","1654473600"
"2022-06-07","AFX","14.8","15.2","14.8","15.2","31200","1654560000"
"2022-06-08","AFX","15.2","15.4","15","15","26200","1654646400"
"2022-06-09","AFX","15.3","15.3","14.6","14.6","16400","1654732800"
"2022-06-10","AFX","14.8","14.9","14.8","14.8","12400","1654819200"
"2022-06-13","AFX","14.8","14.8","14.3","14.3","51301","1655078400"
"2022-06-14","AFX","14.5","14.7","14.5","14.7","33100","1655164800"
"2022-06-15","AFX","15.1","15.2","14.5","14.6","44600","1655251200"
"2022-06-16","AFX","15.1","15.3","14.8","14.9","27301","1655337600"
"2022-06-17","AFX","14.8","14.8","14.5","14.8","1267900","1655424000"
"2022-06-20","AFX","14.7","14.9","14.4","14.5","1239600","1655683200"
"2022-06-21","AFX","14.5","14.6","14.1","14.6","11701","1655769600"
"2022-06-22","AFX","14.5","14.5","14.2","14.3","8900","1655856000"
"2022-06-23","AFX","14.3","15.2","14.3","15","53700","1655942400"
"2022-06-24","AFX","15","15","14.8","14.8","10400","1656028800"
"2022-06-27","AFX","15","15","14.6","14.8","23800","1656288000"
"2022-06-28","AFX","14.9","14.9","14.9","14.9","7100","1656374400"
"2022-06-29","AFX","15","15","14.8","14.9","8100","1656460800"
"2022-06-30","AFX","14.9","14.9","14.5","14.7","1229300","1656547200"
"2022-07-01","AFX","14.8","14.9","14.5","14.9","661400","1656633600"
"2022-07-04","AFX","14.7","15","14.7","14.9","2900","1656892800"
"2022-07-05","AFX","14.8","14.9","14.8","14.8","8500","1656979200"
"2022-07-06","AFX","14.6","14.6","14.6","14.6","36700","1657065600"
"2022-07-07","AFX","14.8","14.8","14.5","14.7","38100","1657152000"
"2022-07-08","AFX","14.6","14.8","14.4","14.8","17400","1657238400"
"2022-07-11","AFX","14.5","14.6","14.5","14.5","16200","1657497600"
"2022-07-12","AFX","14.5","14.6","14.5","14.5","7400","1657584000"
"2022-07-13","AFX","14.7","14.8","14.7","14.8","12600","1657670400"
"2022-07-14","AFX","15","15","14.9","15","16300","1657756800"
"2022-07-15","AFX","14.9","14.9","14.6","14.7","2891300","1657843200"
"2022-07-18","AFX","14.8","15.2","14.8","15","2791100","1658102400"
"2022-07-19","AFX","15","15","14.5","14.6","51600","1658188800"
"2022-07-20","AFX","14.6","14.8","14.6","14.7","1263100","1658275200"
"2022-07-21","AFX","14.7","15.1","14.7","15","1550300","1658361600"
"2022-07-22","AFX","14.9","15","14.6","15","62802","1658448000"
"2022-07-25","AFX","15","15","14.7","14.8","1053100","1658707200"
"2022-07-26","AFX","14.5","14.8","13.1","14.7","14000","1658793600"
"2022-07-27","AFX","14.6","15","14.3","15","1741100","1658880000"
"2022-07-28","AFX","15","15.1","14.7","14.9","1319000","1658966400"
"2022-07-29","AFX","15","15","14.8","14.9","19100","1659052800"
"2022-08-01","AFX","15.2","15.2","14.7","14.9","5700","1659312000"
"2022-08-02","AFX","15.1","15.1","14.6","14.7","789200","1659398400"
"2022-08-03","AFX","14.9","14.9","14.4","14.8","32200","1659484800"
"2022-08-04","AFX","14.8","14.8","14.5","14.7","46800","1659571200"
"2022-08-05","AFX","14.6","14.7","14.5","14.6","7600","1659657600"
"2022-08-08","AFX","14.9","14.9","14.6","14.8","42200","1659916800"
"2022-08-09","AFX","14.8","14.8","14.5","14.7","14000","1660003200"
"2022-08-10","AFX","14.7","14.7","14.5","14.5","19300","1660089600"
"2022-08-11","AFX","14.8","14.8","14.3","14.7","20200","1660176000"
"2022-08-12","AFX","14.5","14.6","14.4","14.5","17500","1660262400"
"2022-08-15","AFX","14.3","14.5","14.3","14.5","18100","1660521600"
"2022-08-16","AFX","14.4","14.4","14.3","14.3","34002","1660608000"
"2022-08-17","AFX","14.4","14.4","14.1","14.2","19700","1660694400"
"2022-08-18","AFX","14.2","14.3","14","14.1","53600","1660780800"
"2022-08-19","AFX","14.1","14.1","13.8","14","33100","1660867200"
"2022-08-22","AFX","14","14","13.5","13.5","26700","1661126400"
"2022-08-23","AFX","13.5","13.6","13.3","13.5","59200","1661212800"
"2022-08-24","AFX","13.4","14","13.4","13.9","42500","1661299200"
"2022-08-25","AFX","14.1","14.3","13.9","14.1","29200","1661385600"
"2022-08-26","AFX","14.1","14.1","13.8","14","18700","1661472000"
"2022-08-29","AFX","13.6","13.8","13.3","13.7","29900","1661731200"
"2022-08-30","AFX","13.6","13.9","13.5","13.8","45900","1661817600"
"2022-08-31","AFX","13.5","13.9","13.5","13.9","8300","1661904000"
"2022-09-05","AFX","13.8","13.8","13.6","13.7","4500","1662336000"
"2022-09-06","AFX","13.6","13.9","13.5","13.8","20100","1662422400"
"2022-09-07","AFX","13.5","13.8","13.3","13.8","15100","1662508800"
"2022-09-08","AFX","13.5","13.5","13.4","13.5","6600","1662595200"
"2022-09-09","AFX","13.7","13.7","13.1","13.5","19000","1662681600"
"2022-09-12","AFX","13.3","13.5","13.3","13.5","1300","1662940800"
"2022-09-13","AFX","13.5","13.6","13.5","13.6","22900","1663027200"
"2022-09-14","AFX","13.6","13.6","13.5","13.6","15500","1663113600"
"2022-09-15","AFX","13.7","13.7","13.5","13.6","11100","1663200000"
"2022-09-16","AFX","13.6","13.6","13.4","13.6","22400","1663286400"
"2022-09-19","AFX","13.4","13.5","13.3","13.5","35100","1663545600"
"2022-09-20","AFX","13.5","13.5","12.9","13.4","30600","1663632000"
"2022-09-21","AFX","13.4","13.4","12.8","13.3","11700","1663718400"
"2022-09-22","AFX","13","13.3","12.8","13.3","20800","1663804800"
"2022-09-23","AFX","13.3","13.3","12.9","13.2","7500","1663891200"
"2022-09-26","AFX","13.3","13.3","12.8","13.1","13100","1664150400"
"2022-09-27","AFX","13.3","13.3","12.8","13.2","18400","1664236800"
"2022-09-28","AFX","13","13","12.8","13","7000","1664323200"
"2022-09-29","AFX","13","13.2","12.8","13","9500","1664409600"
"2022-09-30","AFX","12.8","13","12.3","13","21600","1664496000"
"2022-10-03","AFX","13.2","13.2","12.6","12.9","7400","1664755200"
"2022-10-04","AFX","13","13","12.3","12.9","5900","1664841600"
"2022-10-05","AFX","12.9","12.9","12.8","12.8","6000","1664928000"
"2022-10-06","AFX","12.9","12.9","12.5","12.7","11500","1665014400"
"2022-10-07","AFX","12.6","12.7","12","12.6","108000","1665100800"
"2022-10-10","AFX","12.5","12.8","12.3","12.6","17300","1665360000"
"2022-10-11","AFX","12.7","12.7","12.2","12.5","11300","1665446400"
"2022-10-12","AFX","12.7","12.7","12.4","12.6","11900","1665532800"
"2022-10-13","AFX","12.4","12.6","12.4","12.6","3500","1665619200"
"2022-10-14","AFX","12.6","12.6","12.1","12.5","6500","1665705600"