"date","symbol","open","high","low","close","volume","timestamp"
"2006-12-27","HAI",16.66,16.66,16.66,17.29,1000,1167177600
"2006-12-28","HAI",18.24,18.55,16.66,18.18,37000,1167264000
"2006-12-29","HAI",18.87,19.5,18.87,19.97,34300,1167350400
"2007-01-02","HAI",19.81,21.07,19.81,20.75,16200,1167696000
"2007-01-03","HAI",20.44,20.44,20.12,20.79,12900,1167782400
"2007-01-04","HAI",18.24,19.18,18.24,19.5,16700,1167868800
"2007-01-05","HAI",18.87,19.5,18.24,19.53,18900,1167955200
"2007-01-08","HAI",18.87,19.81,18.87,19.65,1700,1168214400
"2007-01-09","HAI",19.18,19.18,18.87,19.34,1700,1168300800
"2007-01-10","HAI",18.87,19.81,18.87,20.12,25100,1168387200
"2007-01-11","HAI",18.55,18.55,18.55,18.87,1500,1168473600
"2007-01-12","HAI",18.55,18.55,18.55,18.87,1000,1168560000
"2007-01-15","HAI",18.55,18.55,18.24,18.55,3900,1168819200
"2007-01-16","HAI",17.92,18.24,17.92,18.55,15100,1168905600
"2007-01-17","HAI",16.35,18.24,16.35,18.24,9500,1168992000
"2007-01-18","HAI",17.61,17.61,17.61,17.92,3700,1169078400
"2007-01-19","HAI",17.61,17.61,17.29,17.77,7000,1169164800
"2007-01-22","HAI",15.72,15.72,15.72,16,19000,1169424000
"2007-01-23","HAI",15.72,15.72,15.41,15.72,4000,1169510400
"2007-01-24","HAI",16.98,16.98,15.72,17.29,27600,1169596800
"2007-01-25","HAI",18.55,18.55,18.24,18.55,15000,1169683200
"2007-01-26","HAI",18.55,18.55,17.29,18.24,3300,1169769600
"2007-01-30","HAI",18.55,18.55,17.61,18.24,4600,1170115200
"2007-01-31","HAI",18.55,18.55,16.98,18.71,12200,1170201600
"2007-02-01","HAI",18.24,18.55,17.61,18.84,15500,1170288000
"2007-02-02","HAI",17.92,17.92,17.61,18.24,4300,1170374400
"2007-02-05","HAI",16.04,17.92,16.04,18.24,1400,1170633600
"2007-02-06","HAI",17.92,17.92,16.66,16.98,8100,1170720000
"2007-02-07","HAI",16.98,16.98,16.98,17.29,1600,1170806400
"2007-02-08","HAI",18.55,18.55,16.98,17.29,8300,1170892800
"2007-02-09","HAI",17.92,17.92,16.98,17.29,6000,1170979200
"2007-02-12","HAI",16.04,17.92,16.04,18.24,2100,1171238400
"2007-02-13","HAI",17.92,17.92,17.29,17.61,3000,1171324800
"2007-02-14","HAI",17.92,18.55,17.92,18.24,8600,1171411200
"2007-02-15","HAI",17.92,19.18,17.92,19.5,19600,1171497600
"2007-02-26","HAI",19.5,20.44,19.5,20.75,48100,1172448000
"2007-02-27","HAI",22.01,22.64,22.01,22.89,100400,1172534400
"2007-02-28","HAI",24.84,24.84,21.07,22.86,32400,1172620800
"2007-03-01","HAI",21.7,22.32,21.7,22.32,31200,1172707200
"2007-03-02","HAI",22.32,22.64,21.7,22.26,15100,1172793600
"2007-03-05","HAI",22.01,22.01,21.38,21.73,14600,1173052800
"2007-03-06","HAI",22.01,23.58,21.07,22.32,63100,1173139200
"2007-03-07","HAI",22.32,23.27,21.7,23.58,30900,1173225600
"2007-03-08","HAI",24.21,25.16,23.58,25.5,87100,1173312000
"2007-03-09","HAI",27.36,27.36,27.36,27.77,97600,1173398400
"2007-03-12","HAI",30.19,30.19,24.53,25.78,109600,1173657600
"2007-03-13","HAI",25.78,27.67,25.47,27.04,46200,1173744000
"2007-03-14","HAI",27.36,28.61,24.84,25.47,25000,1173830400
"2007-03-15","HAI",23.27,25.78,23.27,24.37,17900,1173916800
"2007-03-16","HAI",25.47,26.1,23.9,26.1,39600,1174003200
"2007-03-19","HAI",25.47,26.41,25.16,26.38,46900,1174262400
"2007-03-20","HAI",25.47,26.41,24.84,25.82,24300,1174348800
"2007-03-21","HAI",25.78,25.78,23.58,23.9,13000,1174435200
"2007-03-22","HAI",22.64,24.53,22.64,23.58,9300,1174521600
"2007-03-23","HAI",23.58,23.58,23.27,23.74,16200,1174608000
"2007-03-26","HAI",22.95,22.95,21.07,22.95,3900,1174867200
"2007-03-27","HAI",20.44,22.64,19.81,19.97,3900,1174953600
"2007-03-28","HAI",19.81,23.27,19.18,23.58,3900,1175040000
"2007-03-29","HAI",22.64,22.64,21.7,23.08,15200,1175126400
"2007-03-30","HAI",24.21,24.84,22.64,22.95,40600,1175212800
"2007-04-02","HAI",24.21,24.21,20.75,21.07,5800,1175472000
"2007-04-03","HAI",21.07,21.7,20.44,21.85,15800,1175558400
"2007-04-04","HAI",21.07,21.38,21.07,21.7,10500,1175644800
"2007-04-05","HAI",21.7,21.7,20.44,21.7,9100,1175731200
"2007-04-06","HAI",21.07,21.07,20.75,21.45,16600,1175817600
"2007-04-09","HAI",21.07,21.7,20.44,20.97,15700,1176076800
"2007-04-10","HAI",20.75,20.75,20.44,20.91,4900,1176163200
"2007-04-11","HAI",20.44,20.44,20.12,20.6,18000,1176249600
"2007-04-12","HAI",20.44,20.44,20.44,20.6,13400,1176336000
"2007-04-13","HAI",20.44,20.44,20.12,20.53,14400,1176422400
"2007-04-16","HAI",19.81,20.12,19.5,19.97,9800,1176681600
"2007-04-17","HAI",19.18,19.81,19.18,19.81,11400,1176768000
"2007-04-18","HAI",19.5,21.07,19.5,21.1,6600,1176854400
"2007-04-19","HAI",20.75,20.75,20.44,20.91,14600,1176940800
"2007-04-20","HAI",20.75,20.75,19.81,20.44,8400,1177027200
"2007-04-23","HAI",20.12,20.12,19.5,19.81,4600,1177286400
"2007-04-24","HAI",19.18,19.18,18.87,19.5,4700,1177372800
"2007-04-25","HAI",18.87,19.5,18.87,19.81,700,1177459200
"2007-05-02","HAI",19.5,19.81,19.5,19.97,2700,1178064000
"2007-05-03","HAI",19.5,19.81,19.5,19.97,5100,1178150400
"2007-05-04","HAI",19.81,19.81,19.5,19.65,3300,1178236800
"2007-05-07","HAI",19.5,21.07,19.5,21.38,3800,1178496000
"2007-05-08","HAI",21.38,21.38,21.07,21.38,14200,1178582400
"2007-05-09","HAI",20.44,21.07,20.44,20.75,5000,1178668800
"2007-05-10","HAI",19.81,20.12,19.81,20.34,3200,1178755200
"2007-05-11","HAI",20.12,20.12,20.12,20.44,2100,1178841600
"2007-05-14","HAI",20.12,20.12,20.12,20.31,8200,1179100800
"2007-05-15","HAI",20.12,20.12,19.81,20.41,2500,1179187200
"2007-05-16","HAI",19.81,20.12,19.81,20.28,3600,1179273600
"2007-05-17","HAI",20.12,20.12,20.12,20.44,1800,1179360000
"2007-05-18","HAI",19.81,20.44,19.81,20.6,8600,1179446400
"2007-05-21","HAI",20.44,20.44,19.81,20.75,11100,1179705600
"2007-05-22","HAI",21.07,21.38,20.44,21.54,23000,1179792000
"2007-05-23","HAI",21.38,22.95,21.38,21.85,8000,1179878400
"2007-05-24","HAI",20.75,21.7,20.75,21.54,200,1179964800
"2007-05-25","HAI",21.07,21.38,21.07,21.38,1900,1180051200
"2007-05-28","HAI",21.38,21.38,20.75,20.91,2800,1180310400
"2007-05-29","HAI",21.07,21.07,20.75,21.38,5400,1180396800
"2007-05-30","HAI",20.44,20.44,20.44,20.63,100,1180483200
"2007-05-31","HAI",20.44,20.75,20.44,21.07,900,1180569600
"2007-06-01","HAI",20.44,20.75,20.44,20.75,4300,1180656000
"2007-06-04","HAI",20.44,21.07,20.44,21.07,7400,1180915200
"2007-06-05","HAI",20.75,20.75,20.44,20.75,5900,1181001600
"2007-06-06","HAI",20.44,22.01,20.44,22.32,31100,1181088000
"2007-06-07","HAI",21.7,21.7,20.75,21.38,4500,1181174400
"2007-06-08","HAI",21.07,21.38,21.07,21.76,20900,1181260800
"2007-06-11","HAI",21.07,21.07,20.75,21.23,47800,1181520000
"2007-06-12","HAI",20.75,21.38,20.75,21.7,32400,1181606400
"2007-06-13","HAI",21.38,21.38,21.07,21.85,18900,1181692800
"2007-06-14","HAI",21.38,22.01,21.38,22.17,15700,1181779200
"2007-06-15","HAI",21.7,22.01,21.7,22.2,40900,1181865600
"2007-06-18","HAI",22.01,22.01,21.7,22.32,22400,1182124800
"2007-06-19","HAI",22.01,22.32,22.01,22.8,17500,1182211200
"2007-06-20","HAI",22.32,22.64,22.32,22.95,29200,1182297600
"2007-06-21","HAI",22.32,23.27,22.32,23.43,31900,1182384000
"2007-06-22","HAI",22.95,23.27,22.95,23.58,11900,1182470400
"2007-06-25","HAI",22.32,22.32,22.01,22.39,4600,1182729600
"2007-06-26","HAI",22.01,22.01,21.07,21.38,8100,1182816000
"2007-06-28","HAI",21.07,21.38,21.07,21.73,8100,1182988800
"2007-09-10","HAI",18.87,18.87,18.87,18.87,5400,1189382400
"2007-09-12","HAI",19.5,19.81,19.5,19.81,12400,1189555200
"2007-09-13","HAI",19.5,19.5,19.18,19.27,4200,1189641600
"2007-09-14","HAI",19.18,19.5,19.18,19.18,2300,1189728000
"2007-09-17","HAI",19.18,19.18,19.18,19.18,2500,1189987200
"2007-09-18","HAI",19.18,19.18,19.18,19.18,3500,1190073600
"2007-09-19","HAI",18.87,19.5,18.87,19.43,17200,1190160000
"2007-09-20","HAI",19.81,20.12,19.5,19.5,8400,1190246400
"2007-09-21","HAI",19.5,19.81,19.5,19.65,2100,1190332800
"2007-09-24","HAI",19.5,19.81,19.5,19.68,8800,1190592000
"2007-09-25","HAI",19.81,20.75,19.81,20.75,8800,1190678400
"2007-09-26","HAI",22.32,22.32,20.75,20.72,18100,1190764800
"2007-09-27","HAI",21.07,21.07,20.44,20.88,5900,1190851200
"2007-09-28","HAI",20.75,21.7,20.75,21.7,19500,1190937600
"2007-10-01","HAI",22.01,23.3,22.01,23.3,82000,1191196800
"2007-10-02","HAI",25,25,22.92,23.55,41800,1191283200
"2007-10-03","HAI",23.27,23.58,23.11,24.53,124800,1191369600
"2007-10-04","HAI",24.53,26.1,24.53,26.1,218900,1191456000
"2007-10-05","HAI",28.55,28.55,27.36,28.3,201400,1191542400
"2007-10-08","HAI",28.3,28.3,25.78,25.85,48700,1191801600
"2007-10-09","HAI",26.1,26.1,24.24,24.84,55500,1191888000
"2007-10-10","HAI",24.84,25.12,23.27,25.09,58900,1191974400
"2007-10-11","HAI",25.16,25.16,25.16,25.78,45600,1192060800
"2007-10-15","HAI",25.78,28.3,25.78,27.67,138100,1192406400
"2007-10-16","HAI",27.67,28.93,27.48,28.61,273200,1192492800
"2007-10-17","HAI",29.09,29.43,26.73,26.95,63200,1192579200
"2007-10-18","HAI",26.1,26.1,25.34,25.78,41200,1192665600
"2007-10-19","HAI",25.47,28.14,25.16,28.11,55400,1192752000
"2007-10-22","HAI",29.97,30,26.1,26.73,76200,1193011200
"2007-10-23","HAI",26.73,26.73,25.94,26.38,76500,1193097600
"2007-10-24","HAI",26.73,28.9,26.57,28.61,269200,1193184000
"2007-10-25","HAI",31,31,28.3,28.61,127300,1193270400
"2007-10-26","HAI",27.67,27.98,26.79,27.04,51300,1193356800
"2007-10-29","HAI",27.04,27.67,26.26,26.41,44000,1193616000
"2007-10-30","HAI",26.1,26.16,25.66,26.07,50800,1193702400
"2007-10-31","HAI",25.78,26.1,25.38,25.78,46100,1193788800
"2007-11-01","HAI",25.78,26.66,25.78,26.41,64900,1193875200
"2007-11-02","HAI",26.45,26.73,25.47,26.1,38600,1193961600
"2007-11-05","HAI",25.47,25.78,25.16,25.16,41500,1194220800
"2007-11-06","HAI",24.84,25.63,24.84,24.84,73700,1194307200
"2007-11-07","HAI",25.16,25.78,24.84,25.19,33200,1194393600
"2007-11-08","HAI",24.84,25,24.53,24.53,30400,1194480000
"2007-11-09","HAI",25.16,25.16,22.95,23.27,27800,1194566400
"2007-11-12","HAI",24.05,24.05,22.64,22.64,26800,1194825600
"2007-11-13","HAI",22.32,22.32,20.53,20.75,34300,1194912000
"2007-11-14","HAI",20.91,22.95,18.8,22.95,21800,1194998400
"2007-11-15","HAI",23.58,23.58,22.32,22.83,40700,1195084800
"2007-11-16","HAI",22.32,22.8,22.01,22.61,20800,1195171200
"2007-11-19","HAI",22.29,22.58,22.29,22.39,19200,1195430400
"2007-11-20","HAI",22.32,22.64,22.32,22.36,24700,1195516800
"2007-11-21","HAI",22.58,22.58,21.7,22.01,25000,1195603200
"2007-11-22","HAI",22.01,22.32,21.73,22.17,19900,1195689600
"2007-11-23","HAI",21.7,22.01,21.7,22.01,13500,1195776000
"2007-11-26","HAI",22.48,22.64,22.32,22.45,10500,1196035200
"2007-11-27","HAI",22.48,22.95,22.32,22.32,15900,1196121600
"2007-11-28","HAI",22.64,22.64,22.39,22.39,7900,1196208000
"2007-11-29","HAI",22.64,22.95,22.58,22.64,27700,1196294400
"2007-11-30","HAI",22.95,22.95,22.64,22.8,6300,1196380800
"2007-12-03","HAI",22.61,23.27,22.61,23.11,17200,1196640000
"2007-12-04","HAI",23.27,23.9,22.99,23.9,38100,1196726400
"2007-12-05","HAI",23.9,23.96,23.24,23.52,24300,1196812800
"2007-12-06","HAI",23.11,23.39,23.02,23.33,14000,1196899200
"2007-12-07","HAI",22.7,23.43,22.67,23.27,6400,1196985600
"2007-12-10","HAI",23.3,23.3,22.64,22.7,17200,1197244800
"2007-12-11","HAI",22.99,22.99,22.17,22.39,17000,1197331200
"2007-12-12","HAI",22.48,22.95,22.48,22.64,7700,1197417600
"2007-12-13","HAI",22.48,22.8,22.2,22.32,10800,1197504000
"2007-12-14","HAI",22.32,22.32,22.01,22.32,5500,1197590400
"2007-12-17","HAI",22.32,22.32,21.76,21.76,6800,1197849600
"2007-12-18","HAI",21.76,22.01,21.23,22.01,18600,1197936000
"2007-12-19","HAI",22.01,22.61,21.95,22.48,9600,1198022400
"2007-12-20","HAI",22.32,22.32,21.7,21.7,2400,1198108800
"2007-12-21","HAI",21.32,22.17,21.32,21.98,11600,1198195200
"2007-12-24","HAI",22.01,22.01,21.19,21.23,3800,1198454400
"2007-12-25","HAI",21.38,21.38,20.75,21.38,10100,1198540800
"2007-12-26","HAI",21.23,21.41,21.13,21.13,7600,1198627200
"2007-12-27","HAI",21.38,21.38,21.38,21.38,1900,1198713600
"2007-12-28","HAI",21.41,21.41,20.91,21.35,2600,1198800000
"2008-01-02","HAI",20.91,20.91,20,20.03,13000,1199232000
"2008-01-03","HAI",20.12,20.12,19.53,19.65,8200,1199318400
"2008-01-04","HAI",19.34,19.53,19.34,19.46,4300,1199404800
"2008-01-07","HAI",19.18,19.18,18.71,18.71,7700,1199664000
"2008-01-08","HAI",18.71,19.5,18.71,19.24,9800,1199750400
"2008-01-09","HAI",19.34,19.34,18.61,18.61,13800,1199836800
"2008-01-10","HAI",18.58,18.58,18.08,18.55,15400,1199923200
"2008-01-11","HAI",18.55,19.24,18.39,18.39,14200,1200009600
"2008-01-14","HAI",18.24,18.27,17.61,17.61,10900,1200268800
"2008-01-15","HAI",16.98,16.98,16.51,16.95,16000,1200355200
"2008-01-16","HAI",17.92,18.33,17.92,18.33,7100,1200441600
"2008-01-17","HAI",20.09,20.09,17.92,18.11,10300,1200528000
"2008-01-18","HAI",18.96,18.96,18.24,18.3,14100,1200614400
"2008-01-21","HAI",18.87,18.87,18.24,18.39,10300,1200873600
"2008-01-22","HAI",18.49,18.49,17.61,18.27,11000,1200960000
"2008-01-23","HAI",18.39,18.55,17.29,18.39,15900,1201046400
"2008-01-24","HAI",18.84,18.84,17.77,17.77,13100,1201132800
"2008-01-25","HAI",17.61,17.99,17.61,17.8,21100,1201219200
"2008-01-28","HAI",17.61,17.73,17.26,17.61,15300,1201478400
"2008-01-29","HAI",17.29,17.89,17.29,17.89,14700,1201564800
"2008-01-30","HAI",18.8,19.37,18.8,19.37,23600,1201651200
"2008-01-31","HAI",20.28,20.28,18.55,19.81,26200,1201737600
"2008-02-01","HAI",20.44,20.91,20.12,20.91,24500,1201824000
"2008-02-12","HAI",19.21,21.07,19.18,20.44,12800,1202774400
"2008-02-13","HAI",19.5,19.5,18.71,19.24,4500,1202860800
"2008-02-14","HAI",19.02,19.46,18.87,19.21,21000,1202947200
"2008-02-15","HAI",18.55,19.02,18.55,18.99,6400,1203033600
"2008-02-18","HAI",18.18,18.18,17.14,18.18,5800,1203292800
"2008-02-19","HAI",17.36,18.18,17.36,17.61,8500,1203379200
"2008-02-20","HAI",17.64,17.64,16.66,16.66,16600,1203465600
"2008-02-21","HAI",16.07,16.07,15.28,15.28,36500,1203552000
"2008-02-22","HAI",13.87,16.04,13.87,15.41,32800,1203638400
"2008-02-25","HAI",15.66,15.72,15.66,15.72,19900,1203897600
"2008-02-26","HAI",16.35,16.98,14.46,14.59,6900,1203984000
"2008-02-27","HAI",15.41,15.41,14.46,14.53,5100,1204070400
"2008-02-28","HAI",14.62,15.09,14.15,14.53,7800,1204156800
"2008-02-29","HAI",14.46,14.62,13.99,14.15,16700,1204243200
"2008-03-03","HAI",14.21,14.24,13.3,13.33,21800,1204502400
"2008-03-04","HAI",13.21,13.52,12.45,12.45,31500,1204588800
"2008-03-05","HAI",11.48,11.95,11.35,11.95,34600,1204675200
"2008-03-06","HAI",12.61,12.61,12.61,12.61,800,1204761600
"2008-03-07","HAI",13.87,13.87,13.87,13.87,9800,1204848000
"2008-03-10","HAI",15.25,15.25,13.84,14.18,48200,1205107200
"2008-03-11","HAI",13.58,13.84,13.3,13.3,28400,1205193600
"2008-03-12","HAI",13.84,14.31,12.92,13.52,12200,1205280000
"2008-03-13","HAI",13.99,13.99,13.21,13.77,40200,1205366400
"2008-03-14","HAI",13.05,13.84,13.05,13.84,26300,1205452800
"2008-03-17","HAI",12.61,12.61,12.33,12.58,14100,1205712000
"2008-03-18","HAI",11.63,11.63,11.32,11.35,18200,1205798400
"2008-03-19","HAI",12.26,12.26,11.01,11.48,22600,1205884800
"2008-03-20","HAI",11.63,12.42,11.38,11.63,16700,1205971200
"2008-03-21","HAI",12.26,12.58,11.38,11.79,12600,1206057600
"2008-03-24","HAI",11.48,11.48,10.5,10.53,28300,1206316800
"2008-03-25","HAI",10.5,10.5,9.9,9.94,37000,1206403200
"2008-03-26","HAI",10.06,11.01,10.06,11.01,41100,1206489600
"2008-03-27","HAI",11.07,11.07,11.07,11.07,4500,1206576000
"2008-03-28","HAI",11.29,11.29,11.29,11.29,100,1206662400
"2008-03-31","HAI",11.51,11.51,11.51,11.51,5500,1206921600
"2008-04-01","HAI",11.73,11.73,11.73,11.73,100,1207008000
"2008-04-02","HAI",11.95,11.95,11.95,11.95,100,1207094400
"2008-04-03","HAI",12.17,12.17,12.17,12.17,300,1207180800
"2008-04-04","HAI",12.39,12.39,12.39,12.39,1100,1207267200
"2008-04-07","HAI",12.73,12.73,12.73,12.73,100,1207526400
"2008-04-08","HAI",13.11,13.11,12.36,12.58,16200,1207612800
"2008-04-09","HAI",12.55,12.55,12.29,12.29,11300,1207699200
"2008-04-10","HAI",11.98,11.98,11.98,11.98,8000,1207785600
"2008-04-11","HAI",11.63,11.63,11.63,11.63,1800,1207872000
"2008-04-16","HAI",11.29,11.6,11.29,11.29,8900,1208304000
"2008-04-17","HAI",11.01,11.63,11.01,11.63,13200,1208390400
"2008-04-18","HAI",11.73,11.73,11.32,11.41,16700,1208476800
"2008-04-21","HAI",11.13,11.41,11.13,11.32,3800,1208736000
"2008-04-22","HAI",11.23,11.6,11.19,11.19,5300,1208822400
"2008-04-23","HAI",11.07,11.23,10.94,11.04,17900,1208908800
"2008-04-24","HAI",10.69,10.85,10.69,10.85,3000,1208995200
"2008-04-25","HAI",10.5,10.82,10.5,10.69,7100,1209081600
"2008-04-28","HAI",10.97,10.97,10.94,10.97,16800,1209340800
"2008-04-29","HAI",11.29,11.29,11.16,11.23,19700,1209427200
"2008-05-05","HAI",11.23,11.23,11.01,11.19,10500,1209945600
"2008-05-06","HAI",10.85,10.85,10.79,10.85,5500,1210032000
"2008-05-07","HAI",10.5,10.69,10.5,10.5,17100,1210118400
"2008-05-08","HAI",10.22,10.22,10.22,10.22,1500,1210204800
"2008-05-09","HAI",9.94,9.94,9.94,9.94,4200,1210291200
"2008-05-12","HAI",9.65,9.65,9.65,9.65,2700,1210550400
"2008-05-13","HAI",9.37,9.37,9.37,9.37,400,1210636800
"2008-05-14","HAI",9.12,9.12,9.12,9.12,2800,1210723200
"2008-05-15","HAI",8.87,8.87,8.87,8.87,7200,1210809600
"2008-05-16","HAI",8.9,9.06,8.62,8.65,21900,1210896000
"2008-05-19","HAI",8.4,8.55,8.4,8.49,10100,1211155200
"2008-05-20","HAI",8.21,8.21,8.21,8.21,4400,1211241600
"2008-05-21","HAI",7.99,8.33,7.99,7.99,6600,1211328000
"2008-05-22","HAI",7.77,7.77,7.77,7.77,8200,1211414400
"2008-05-23","HAI",7.55,7.55,7.55,7.55,5700,1211500800
"2008-05-26","HAI",7.33,7.33,7.33,7.33,2500,1211760000
"2008-05-30","HAI",7.17,7.23,7.04,7.23,8200,1212105600
"2008-06-03","HAI",7.23,7.23,7.08,7.08,7500,1212451200
"2008-06-04","HAI",6.92,7.01,6.92,6.92,8400,1212537600
"2008-06-05","HAI",6.73,6.79,6.73,6.79,7200,1212624000
"2008-06-06","HAI",6.6,6.76,6.6,6.76,5000,1212710400
"2008-06-09","HAI",6.45,6.63,6.45,6.45,7100,1212969600
"2008-06-10","HAI",6.45,6.7,6.35,6.7,5400,1213056000
"2008-06-11","HAI",6.67,6.67,6.67,6.67,200,1213142400
"2008-06-12","HAI",6.86,6.86,6.86,6.86,100,1213228800
"2008-06-13","HAI",7.04,7.04,7.04,7.04,1000,1213315200
"2008-06-16","HAI",7.23,7.23,7.23,7.23,200,1213574400
"2008-06-17","HAI",7.42,7.42,7.42,7.42,100,1213660800
"2008-06-18","HAI",7.64,7.64,7.2,7.2,32700,1213747200
"2008-06-19","HAI",7.39,7.39,7.26,7.26,23500,1213833600
"2008-06-20","HAI",7.26,7.26,7.01,7.01,19800,1213920000
"2008-06-23","HAI",6.92,7.29,6.79,7.29,8200,1214179200
"2008-06-24","HAI",7.23,7.23,7.23,7.23,3300,1214265600
"2008-06-25","HAI",7.51,7.51,7.51,7.51,1800,1214352000
"2008-06-26","HAI",7.8,7.8,7.51,7.8,25700,1214438400
"2008-06-27","HAI",7.7,8.02,7.48,8.02,12800,1214524800
"2008-06-30","HAI",8.11,8.11,7.86,8.11,5300,1214784000
"2008-07-01","HAI",8.4,8.4,8.4,8.4,500,1214870400
"2008-07-02","HAI",8.71,8.71,8.65,8.71,14200,1214956800
"2008-07-03","HAI",9.06,9.06,9.06,9.06,2000,1215043200
"2008-07-04","HAI",9.4,9.4,9.4,9.4,5700,1215129600
"2008-07-07","HAI",9.43,9.75,9.06,9.12,26400,1215388800
"2008-07-08","HAI",9.12,9.84,9.09,9.84,34000,1215475200
"2008-07-09","HAI",9.43,9.69,9.43,9.69,15000,1215561600
"2008-07-10","HAI",10.03,10.03,10.03,10.03,10800,1215648000
"2008-07-11","HAI",10.41,10.41,10.38,10.41,3800,1215734400
"2008-07-14","HAI",10.82,10.82,10.82,10.82,4800,1215993600
"2008-07-15","HAI",11.23,11.23,11.23,11.23,3500,1216080000
"2008-07-16","HAI",11.67,11.67,10.79,11.67,45400,1216166400
"2008-07-17","HAI",11.82,11.82,11.79,11.82,52100,1216252800
"2008-07-18","HAI",12.29,12.29,11.38,11.82,40200,1216339200
"2008-07-21","HAI",12.58,12.58,11.67,11.67,14900,1216598400
"2008-07-22","HAI",11.32,11.32,11.32,11.32,2000,1216684800
"2008-07-23","HAI",10.44,10.44,10.44,10.44,2400,1216771200
"2008-07-24","HAI",10.03,10.69,10.03,10.03,32100,1216857600
"2008-07-25","HAI",9.75,9.75,9.75,9.75,8200,1216944000
"2008-07-28","HAI",9.37,10.13,9.37,9.75,25100,1217203200
"2008-07-29","HAI",9.75,10.06,9.75,10.06,8400,1217289600
"2008-07-30","HAI",10.44,10.44,9.78,10.06,22200,1217376000
"2008-07-31","HAI",10.44,10.44,9.75,9.9,11000,1217462400
"2008-08-01","HAI",9.9,10.06,9.78,10.06,6500,1217548800
"2008-08-04","HAI",10.35,10.35,10.35,10.35,31400,1217808000
"2008-08-05","HAI",10.22,10.22,9.94,9.94,13200,1217894400
"2008-08-06","HAI",9.75,10.35,9.75,10.31,6200,1217980800
"2008-08-07","HAI",10.38,10.53,10.22,10.44,12400,1218067200
"2008-08-08","HAI",10.22,10.38,10.03,10.38,24600,1218153600
"2008-08-11","HAI",10.09,10.47,10.09,10.47,10400,1218412800
"2008-08-12","HAI",10.85,10.85,10.85,10.85,24400,1218499200
"2008-08-13","HAI",11.26,11.26,10.53,11.07,11600,1218585600
"2008-08-14","HAI",11.29,11.35,11.16,11.35,25200,1218672000
"2008-08-15","HAI",11.76,11.76,11.76,11.76,6000,1218758400
"2008-08-18","HAI",12.26,12.58,12.17,12.29,13000,1219017600
"2008-08-19","HAI",12.52,12.58,11.51,11.76,35000,1219104000
"2008-08-20","HAI",11.32,11.48,11.13,11.13,19100,1219190400
"2008-08-21","HAI",11.01,11.95,11.01,11.92,12800,1219276800
"2008-08-22","HAI",11.63,12.04,11.29,11.48,10300,1219363200
"2008-08-25","HAI",12.26,12.26,12.2,12.26,52600,1219622400
"2008-08-26","HAI",13.11,13.11,12.89,13.11,17700,1219708800
"2008-08-27","HAI",13.99,13.99,12.89,13.08,29300,1219795200
"2008-08-28","HAI",13.52,13.52,12.83,12.83,3900,1219881600
"2008-08-29","HAI",12.11,12.11,12.01,12.01,29900,1219968000
"2008-09-03","HAI",12.33,12.83,12.33,12.83,29100,1220400000
"2008-09-04","HAI",11.92,12.8,11.92,11.92,7700,1220486400
"2008-09-05","HAI",11.63,11.67,11.32,11.63,6800,1220572800
"2008-09-08","HAI",11.32,11.32,10.72,11.01,11500,1220832000
"2008-09-09","HAI",10.85,11.32,10.85,11.07,9100,1220918400
"2008-09-10","HAI",11.16,11.16,10.85,11.01,12900,1221004800
"2008-09-11","HAI",10.85,10.85,10.35,10.38,7000,1221091200
"2008-09-12","HAI",9.72,10.66,9.69,9.69,11900,1221177600
"2008-09-15","HAI",9.28,9.78,9.15,9.78,1200,1221436800
"2008-09-16","HAI",9.59,9.59,8.77,8.96,25300,1221523200
"2008-09-17","HAI",8.49,8.8,8.49,8.55,7700,1221609600
"2008-09-18","HAI",8.43,8.49,8.11,8.49,22000,1221696000
"2008-09-19","HAI",8.74,8.74,8.74,8.74,400,1221782400
"2008-09-22","HAI",9.34,9.34,9.34,9.34,800,1222041600
"2008-09-23","HAI",9.75,9.97,9.34,9.43,15100,1222128000
"2008-09-24","HAI",9.12,9.43,9.12,9.28,2700,1222214400
"2008-09-25","HAI",9.28,9.43,9.28,9.43,5500,1222300800
"2008-09-26","HAI",9.75,9.75,8.8,9.28,3600,1222387200
"2008-09-29","HAI",9.43,9.43,8.96,8.96,6000,1222646400
"2008-09-30","HAI",8.68,8.68,8.68,8.68,3700,1222732800
"2008-10-01","HAI",8.18,9.12,8.08,9.12,6900,1222819200
"2008-10-02","HAI",9.28,9.28,9.06,9.28,6700,1222905600
"2008-10-03","HAI",9.59,9.59,9.24,9.43,1400,1222992000
"2008-10-06","HAI",8.77,8.77,8.71,8.71,900,1223251200
"2008-10-07","HAI",8.18,8.24,8.14,8.24,3300,1223337600
"2008-10-08","HAI",7.64,8.68,7.64,8.18,8700,1223424000
"2008-10-09","HAI",7.86,8.49,7.86,8.33,7400,1223510400
"2008-10-10","HAI",8.05,8.05,7.8,7.8,7100,1223596800
"2008-10-13","HAI",7.7,7.7,7.36,7.36,2500,1223856000
"2008-10-14","HAI",8.11,8.11,8.11,8.11,4900,1223942400
"2008-10-15","HAI",8.68,8.68,7.86,8.18,9100,1224028800
"2008-10-16","HAI",7.64,8.02,7.64,7.7,4600,1224115200
"2008-10-17","HAI",7.86,7.86,7.39,7.58,11900,1224201600
"2008-10-20","HAI",7.55,7.7,7.55,7.55,1500,1224460800
"2008-10-21","HAI",7.92,7.92,7.61,7.61,2000,1224547200
"2008-10-22","HAI",7.77,8.18,7.77,7.86,4600,1224633600
"2008-10-23","HAI",7.55,7.55,7.51,7.51,4200,1224720000
"2008-10-24","HAI",7.51,7.51,7.04,7.04,1700,1224806400
"2008-10-27","HAI",6.92,7.14,6.67,6.67,11100,1225065600
"2008-10-28","HAI",6.35,6.45,6.35,6.45,12900,1225152000
"2008-10-29","HAI",6.82,6.82,6.82,6.82,9900,1225238400
"2008-10-30","HAI",7.29,7.29,6.45,6.7,4400,1225324800
"2008-10-31","HAI",7.08,7.23,7.08,7.23,8200,1225411200
"2008-11-03","HAI",6.76,6.76,6.76,6.76,900,1225670400
"2008-11-04","HAI",6.79,7.23,6.79,7.23,12400,1225756800
"2008-11-05","HAI",7.58,7.64,7.55,7.64,18000,1225843200
"2008-11-06","HAI",7.11,7.29,7.11,7.23,5300,1225929600
"2008-11-07","HAI",7.26,7.26,7.26,7.26,4600,1226016000
"2008-11-10","HAI",7.08,7.26,7.01,7.01,5500,1226275200
"2008-11-11","HAI",6.92,6.92,6.7,6.73,6300,1226361600
"2008-11-12","HAI",6.73,6.73,6.29,6.73,5000,1226448000
"2008-11-13","HAI",6.73,6.92,6.6,6.92,4200,1226534400
"2008-11-14","HAI",6.73,6.73,6.73,6.73,500,1226620800
"2008-11-17","HAI",6.73,6.79,6.73,6.76,6000,1226880000
"2008-11-18","HAI",6.76,6.76,6.76,6.76,500,1226966400
"2008-11-19","HAI",6.67,6.67,6.45,6.54,2900,1227052800
"2008-11-20","HAI",6.51,6.51,6.29,6.29,4000,1227139200
"2008-11-21","HAI",6.45,6.45,6.45,6.45,1500,1227225600
"2008-11-24","HAI",6.45,6.45,6.45,6.45,1000,1227484800
"2008-11-25","HAI",6.76,6.76,6.6,6.6,1500,1227571200
"2008-11-26","HAI",6.29,6.6,6.29,6.48,2200,1227657600
"2008-11-27","HAI",6.45,6.45,6.04,6.04,2300,1227744000
"2008-11-28","HAI",6.6,6.6,6.29,6.6,15900,1227830400
"2008-12-01","HAI",6.45,6.6,6.45,6.6,2100,1228089600
"2008-12-02","HAI",6.54,6.57,6.67,6.67,3500,1228176000
"2008-12-03","HAI",6.42,6.42,6.42,6.42,100,1228262400
"2008-12-04","HAI",6.29,6.29,6.29,6.29,100,1228348800
"2008-12-08","HAI",5.85,5.85,5.85,5.85,10400,1228694400
"2008-12-09","HAI",5.85,5.75,5.85,5.79,1300,1228780800
"2008-12-10","HAI",5.38,5.63,5.69,5.69,900,1228867200
"2008-12-11","HAI",5.44,5.28,5.44,5.25,800,1228953600
"2008-12-12","HAI",5.63,5.63,5.63,5.63,4800,1229040000
"2008-12-15","HAI",5.25,5.91,6.01,6.01,4600,1229299200
"2008-12-16","HAI",5.97,5.97,5.97,5.97,1500,1229385600
"2008-12-17","HAI",6.29,6.29,6.23,6.26,2800,1229472000
"2008-12-18","HAI",6.01,6.01,5.97,5.97,2700,1229558400
"2008-12-19","HAI",6.01,6.07,5.97,6.07,1400,1229644800
"2008-12-22","HAI",6.01,6.13,6.01,6.13,1400,1229904000
"2008-12-23","HAI",6.13,6.13,5.97,5.97,3100,1229990400
"2008-12-24","HAI",5.97,6.29,5.97,6.29,3800,1230076800
"2008-12-25","HAI",6.35,6.35,6.07,6.29,3800,1230163200
"2008-12-26","HAI",6.57,6.6,6.29,6.35,14700,1230249600
"2008-12-29","HAI",6.6,6.6,6.6,6.6,2000,1230508800
"2008-12-30","HAI",6.76,6.76,6.76,6.76,2000,1230595200
"2008-12-31","HAI",6.76,6.76,6.76,6.76,2000,1230681600
"2009-01-02","HAI",6.76,6.76,6.76,6.76,2100,1230854400
"2009-01-05","HAI",6.76,6.76,6.76,6.76,2000,1231113600
"2009-01-06","HAI",6.92,6.92,6.45,6.76,7500,1231200000
"2009-01-07","HAI",6.92,6.92,6.6,6.86,1600,1231286400
"2009-01-08","HAI",6.92,6.92,6.45,6.92,3700,1231372800
"2009-01-09","HAI",6.92,6.92,6.6,6.6,2200,1231459200
"2009-01-12","HAI",6.92,6.92,6.89,6.89,3000,1231718400
"2009-01-13","HAI",6.89,6.89,6.45,6.76,4000,1231804800
"2009-01-14","HAI",6.92,6.92,6.63,6.89,3300,1231891200
"2009-01-15","HAI",6.86,6.92,6.86,6.92,2000,1231977600
"2009-01-16","HAI",6.89,6.89,6.6,6.6,3500,1232064000
"2009-01-19","HAI",6.92,6.92,6.76,6.86,5000,1232323200
"2009-01-20","HAI",6.89,6.92,6.89,6.92,2000,1232409600
"2009-01-21","HAI",6.92,6.92,6.92,6.92,2000,1232496000
"2009-01-22","HAI",6.92,6.92,6.92,6.92,1500,1232582400
"2009-01-23","HAI",6.89,6.92,6.45,6.89,6500,1232668800
"2009-02-02","HAI",6.6,6.6,6.6,6.6,1400,1233532800
"2009-02-03","HAI",6.6,6.6,6.29,6.29,5000,1233619200
"2009-02-04","HAI",6.32,6.32,6.29,6.32,4500,1233705600
"2009-02-05","HAI",6.32,6.32,6.13,6.13,500,1233792000
"2009-02-06","HAI",6.29,6.29,6.29,6.29,1500,1233878400
"2009-02-09","HAI",6.32,6.45,6.32,6.45,2500,1234137600
"2009-02-11","HAI",6.29,6.38,6.29,6.29,2800,1234310400
"2009-02-12","HAI",6.29,6.38,6.29,6.35,3500,1234396800
"2009-02-13","HAI",6.07,6.38,6.07,6.38,900,1234483200
"2009-02-16","HAI",5.97,6.29,5.97,6.29,600,1234742400
"2009-02-17","HAI",6.13,6.35,6.13,6.26,4300,1234828800
"2009-02-18","HAI",6.07,6.07,6.07,6.07,100,1234915200
"2009-02-19","HAI",6.1,6.1,6.1,6.1,1000,1235001600
"2009-02-20","HAI",5.69,5.97,5.69,5.97,1200,1235088000
"2009-02-23","HAI",5.66,5.85,5.66,5.82,4000,1235347200
"2009-02-24","HAI",5.72,5.82,5.72,5.82,3000,1235433600
"2009-02-25","HAI",5.97,6.13,5.88,6.13,6200,1235520000
"2009-02-26","HAI",5.69,6.13,5.69,6.13,600,1235606400
"2009-02-27","HAI",5.66,6.26,5.66,5.97,2500,1235692800
"2009-03-02","HAI",5.97,5.97,5.85,5.85,200,1235952000
"2009-03-03","HAI",6.32,6.32,5.66,5.66,2200,1236038400
"2009-03-04","HAI",6.13,6.13,5.97,5.97,700,1236124800
"2009-03-05","HAI",6.26,6.26,5.97,6.13,3100,1236211200
"2009-03-06","HAI",6.26,6.26,6.26,6.26,100,1236297600
"2009-03-09","HAI",6.26,6.26,6.13,6.13,1100,1236556800
"2009-03-10","HAI",6.29,6.29,5.82,6.29,400,1236643200
"2009-03-11","HAI",6.29,6.29,6.07,6.13,4400,1236729600
"2009-03-12","HAI",6.57,6.57,6.13,6.13,2200,1236816000
"2009-03-13","HAI",6.32,6.32,6.13,6.13,900,1236902400
"2009-03-16","HAI",5.75,6.35,5.75,6.35,200,1237161600
"2009-03-17","HAI",6.32,6.35,6.32,6.35,1700,1237248000
"2009-03-18","HAI",6.45,6.6,6.45,6.6,10900,1237334400
"2009-03-19","HAI",6.45,6.45,6.13,6.13,2600,1237420800
"2009-03-20","HAI",6.45,6.45,6.13,6.29,7400,1237507200
"2009-03-23","HAI",6.57,6.57,6.2,6.23,600,1237766400
"2009-03-24","HAI",6.57,6.57,6.23,6.29,5100,1237852800
"2009-03-25","HAI",6.32,6.45,6.13,6.45,11600,1237939200
"2009-03-26","HAI",6.29,6.29,6.13,6.13,7700,1238025600
"2009-03-27","HAI",6.45,6.45,6.13,6.13,3400,1238112000
"2009-03-30","HAI",6.38,6.38,6.13,6.2,2600,1238371200
"2009-03-31","HAI",6.29,6.29,6.13,6.16,3700,1238457600
"2009-04-01","HAI",6.42,6.42,6.35,6.35,800,1238544000
"2009-04-02","HAI",6.29,6.45,6.26,6.26,4700,1238630400
"2009-04-03","HAI",6.57,6.57,6.45,6.57,14900,1238716800
"2009-04-07","HAI",6.29,6.7,6.29,6.63,17400,1239062400
"2009-04-08","HAI",6.54,6.54,6.29,6.42,14200,1239148800
"2009-04-09","HAI",6.6,6.6,6.48,6.54,12900,1239235200
"2009-04-10","HAI",6.32,6.98,6.32,6.6,36800,1239321600
"2009-04-13","HAI",6.98,7.08,6.6,7.08,33200,1239580800
"2009-04-14","HAI",6.92,7.08,6.76,7.08,12300,1239667200
"2009-04-15","HAI",6.6,6.76,6.6,6.76,4000,1239753600
"2009-04-16","HAI",6.67,7.01,6.6,6.76,7100,1239840000
"2009-04-17","HAI",6.76,6.76,6.48,6.54,9100,1239926400
"2009-04-20","HAI",6.45,6.45,6.16,6.29,7700,1240185600
"2009-04-21","HAI",6.13,6.32,6.13,6.32,6600,1240272000
"2009-04-22","HAI",6.13,6.29,6.13,6.29,1300,1240358400
"2009-04-23","HAI",6.16,6.48,6.16,6.29,8100,1240444800
"2009-04-24","HAI",6.29,6.35,6.29,6.29,1200,1240531200
"2009-04-27","HAI",6.29,6.6,6.29,6.29,2900,1240790400
"2009-04-28","HAI",6.29,6.73,6.13,6.6,18600,1240876800
"2009-04-29","HAI",6.45,6.67,6.45,6.67,20300,1240963200
"2009-05-04","HAI",7.04,7.04,7.04,7.04,2400,1241395200
"2009-05-05","HAI",7.51,7.51,7.48,7.51,41400,1241481600
"2009-05-06","HAI",8.02,8.02,7.26,7.39,16600,1241568000
"2009-05-07","HAI",7.86,8.18,7.67,8.18,50700,1241654400
"2009-05-08","HAI",8.49,8.49,7.74,8.18,11900,1241740800
"2009-05-11","HAI",8.18,8.21,8.02,8.02,21300,1242000000
"2009-05-12","HAI",7.86,8.27,7.86,8.18,14600,1242086400
"2009-05-13","HAI",8.33,8.33,8.08,8.08,29200,1242172800
"2009-05-14","HAI",7.86,7.92,7.86,7.92,3600,1242259200
"2009-05-15","HAI",8.33,8.43,8.18,8.43,16200,1242345600
"2009-05-18","HAI",8.33,8.33,8.02,8.02,4600,1242604800
"2009-05-19","HAI",8.49,8.49,8.02,8.46,29500,1242691200
"2009-05-20","HAI",8.43,8.65,8.33,8.49,7600,1242777600
"2009-05-21","HAI",8.49,8.8,8.49,8.65,18700,1242864000
"2009-05-22","HAI",8.18,8.18,8.18,8.18,2500,1242950400
"2009-05-25","HAI",8.18,8.74,8.18,8.68,29400,1243209600
"2009-05-26","HAI",8.65,8.96,8.49,8.8,13400,1243296000
"2009-05-27","HAI",8.55,8.55,8.36,8.36,5300,1243382400
"2009-05-28","HAI",8.18,8.8,8.11,8.65,22600,1243468800
"2009-05-29","HAI",8.62,8.65,8.33,8.49,3100,1243555200
"2009-06-01","HAI",8.8,9.03,8.77,9.03,34400,1243814400
"2009-06-02","HAI",9.43,9.5,9.43,9.5,115700,1243900800
"2009-06-03","HAI",9.94,10.16,9.59,10.16,64200,1243987200
"2009-06-04","HAI",10.66,10.66,10.53,10.66,63800,1244073600
"2009-06-05","HAI",11.16,11.38,11.16,11.38,44800,1244160000
"2009-06-08","HAI",12.11,12.17,11.79,12.17,69900,1244419200
"2009-06-09","HAI",12.04,12.04,11.26,11.26,48200,1244505600
"2009-06-10","HAI",10.85,10.85,10.6,10.6,45700,1244592000
"2009-06-11","HAI",10.22,11.32,10.06,11.29,72800,1244678400
"2009-06-12","HAI",11.45,11.45,10.75,11.45,73700,1244764800
"2009-06-15","HAI",11.19,11.19,10.44,11.01,15400,1245024000
"2009-06-16","HAI",10.82,10.82,10.06,10.06,5000,1245110400
"2009-06-17","HAI",10.06,10.85,9.81,10.85,23400,1245196800
"2009-06-18","HAI",10.38,10.38,10.06,10.06,23000,1245283200
"2009-06-19","HAI",9.94,10.69,9.94,10.69,6500,1245369600
"2009-06-22","HAI",9.75,9.75,9.65,9.65,18800,1245628800
"2009-06-23","HAI",9.06,9.43,9.06,9.06,17100,1245715200
"2009-06-24","HAI",9.72,9.78,9.72,9.78,8800,1245801600
"2009-06-25","HAI",10.06,10.38,9.12,9.12,18900,1245888000
"2009-06-26","HAI",9.5,9.5,9.5,9.5,4300,1245974400
"2009-06-29","HAI",9.18,9.5,8.96,8.96,11200,1246233600
"2009-06-30","HAI",9.12,9.12,8.65,8.65,14200,1246320000
"2009-07-01","HAI",8.08,8.33,8.08,8.33,44200,1246406400
"2009-07-02","HAI",8.33,8.62,8.33,8.62,8200,1246492800
"2009-07-03","HAI",8.18,8.9,8.18,8.9,1700,1246579200
"2009-07-06","HAI",8.8,9.03,8.8,9.03,5800,1246838400
"2009-07-07","HAI",8.87,8.87,8.8,8.8,5100,1246924800
"2009-07-08","HAI",8.33,8.65,8.33,8.65,2000,1247011200
"2009-07-09","HAI",8.52,8.71,8.52,8.65,1200,1247097600
"2009-07-10","HAI",8.43,8.43,8.33,8.33,2600,1247184000
"2009-07-13","HAI",8.11,8.11,8.11,8.11,100,1247443200
"2009-07-14","HAI",8.18,8.18,8.14,8.18,7600,1247529600
"2009-07-15","HAI",7.86,8.65,7.86,8.65,1100,1247616000
"2009-07-16","HAI",8.58,8.62,8.52,8.52,5100,1247702400
"2009-07-17","HAI",8.58,8.58,8.18,8.18,1400,1247788800
"2009-07-20","HAI",8.18,8.18,7.8,7.86,1700,1248048000
"2009-07-21","HAI",8.55,8.55,8.02,8.18,700,1248134400
"2009-07-22","HAI",8.65,8.65,8.24,8.24,1200,1248220800
"2009-07-23","HAI",8.49,8.49,8.33,8.49,2000,1248307200
"2009-07-24","HAI",9.06,9.06,9.06,9.06,14600,1248393600
"2009-07-27","HAI",9.59,9.59,9.43,9.53,9000,1248652800
"2009-07-28","HAI",8.99,9.06,8.99,8.99,1400,1248739200
"2009-07-29","HAI",9.12,9.12,8.96,8.96,3200,1248825600
"2009-07-30","HAI",9.24,9.24,8.8,8.8,200,1248912000
"2009-07-31","HAI",9.46,9.46,9.46,9.46,100,1248998400
"2009-08-03","HAI",9.59,9.59,9.4,9.4,300,1249257600
"2009-08-04","HAI",9.43,9.46,9.12,9.28,6900,1249344000
"2009-08-05","HAI",8.99,9.24,8.99,9.24,7600,1249430400
"2009-08-06","HAI",9.21,9.21,9.06,9.15,3900,1249516800
"2009-08-07","HAI",9.03,9.24,9.03,9.24,1700,1249603200
"2009-08-10","HAI",9.4,9.43,9.24,9.31,10400,1249862400
"2009-08-11","HAI",9.28,9.28,9.15,9.15,1400,1249948800
"2009-08-12","HAI",9.28,9.28,9.12,9.28,25400,1250035200
"2009-08-13","HAI",9.72,9.87,9.37,9.75,27800,1250121600
"2009-08-14","HAI",9.75,9.75,9.43,9.59,7800,1250208000
"2009-08-17","HAI",9.43,9.53,9.43,9.5,6500,1250467200
"2009-08-18","HAI",9.06,9.75,8.96,9.28,3700,1250553600
"2009-08-19","HAI",9.53,9.78,9.53,9.72,23100,1250640000
"2009-08-20","HAI",9.81,9.84,9.43,9.5,3200,1250726400
"2009-08-21","HAI",9.43,9.75,9.43,9.5,19200,1250812800
"2009-08-24","HAI",10.06,10.06,9.46,9.5,14500,1251072000
"2009-08-25","HAI",9.75,10.19,9.53,10.19,62300,1251158400
"2009-08-26","HAI",9.94,10.38,9.9,10.35,51500,1251244800
"2009-08-27","HAI",10.25,10.63,10.25,10.56,49900,1251331200
"2009-08-28","HAI",9.81,10.94,9.81,10.88,40000,1251417600
"2009-08-31","HAI",11.48,11.48,10.41,11.13,41400,1251676800
"2009-09-03","HAI",10.41,10.44,10.35,10.35,25400,1251936000
"2009-09-04","HAI",10.22,10.44,9.75,9.75,12500,1252022400
"2009-09-07","HAI",9.59,9.9,9.59,9.9,13700,1252281600
"2009-09-08","HAI",10.19,10.22,9.9,10.22,10700,1252368000
"2009-09-09","HAI",10.16,10.31,10.13,10.13,14000,1252454400
"2009-09-10","HAI",9.75,10.31,9.75,10.31,200,1252540800
"2009-09-11","HAI",10.16,10.38,10.03,10.13,16400,1252627200
"2009-09-14","HAI",10.13,10.13,10.06,10.06,8800,1252886400
"2009-09-15","HAI",10.06,10.31,10.06,10.31,11900,1252972800
"2009-09-16","HAI",10.22,10.22,10.06,10.19,22600,1253059200
"2009-09-17","HAI",10.09,10.19,10.09,10.13,16800,1253145600
"2009-09-18","HAI",9.9,10.22,9.9,10.16,4500,1253232000
"2009-09-21","HAI",10.16,10.85,10.16,10.53,37100,1253491200
"2009-09-22","HAI",10.5,10.53,10.38,10.53,35300,1253577600
"2009-09-23","HAI",10.69,10.69,10.5,10.5,19500,1253664000
"2009-09-24","HAI",10.28,10.38,10.28,10.31,14100,1253750400
"2009-09-25","HAI",10.31,10.38,9.94,10.22,43100,1253836800
"2009-09-28","HAI",10.19,10.19,10.06,10.09,21200,1254096000
"2009-09-29","HAI",10.19,10.25,10.06,10.06,31500,1254182400
"2009-09-30","HAI",10.06,10.06,9.9,10.06,3000,1254268800
"2009-10-01","HAI",9.43,9.59,9.43,9.53,5700,1254355200
"2009-10-02","HAI",9.31,9.31,9.12,9.28,32100,1254441600
"2009-10-05","HAI",9.75,9.75,9.15,9.15,27400,1254700800
"2009-10-06","HAI",9.56,9.56,9.34,9.43,3000,1254787200
"2009-10-07","HAI",9.75,9.75,9.59,9.75,11900,1254873600
"2009-10-08","HAI",9.5,9.87,9.5,9.78,9300,1254960000
"2009-10-09","HAI",10.06,10.31,9.75,10.28,34200,1255046400
"2009-10-12","HAI",10.38,10.69,10.25,10.69,33600,1255305600
"2009-10-13","HAI",10.72,11.01,10.47,10.94,126500,1255392000
"2009-10-14","HAI",10.72,10.88,10.06,10.69,12500,1255478400
"2009-10-15","HAI",10.91,10.91,10.85,10.91,106200,1255564800
"2009-10-16","HAI",11.32,11.32,10.69,10.85,44800,1255651200
"2009-10-19","HAI",11.01,11.57,10.82,11.57,80000,1255910400
"2009-10-20","HAI",11.92,11.92,11.92,11.92,179200,1255996800
"2009-10-21","HAI",12.73,12.73,12.73,12.73,87400,1256083200
"2009-10-22","HAI",13.62,13.62,13.62,13.62,43800,1256169600
"2009-10-23","HAI",14.56,14.56,12.89,14.56,795700,1256256000
"2009-10-26","HAI",13.68,13.99,13.46,13.46,95000,1256515200
"2009-10-27","HAI",12.55,14.43,12.55,14.43,112100,1256601600
"2009-10-28","HAI",14.15,14.43,13.21,13.43,30400,1256688000
"2009-10-29","HAI",13.43,13.77,12.83,13.77,64700,1256774400
"2009-10-30","HAI",13.96,13.96,13.27,13.84,76900,1256860800
"2009-11-02","HAI",12.86,13.02,12.7,12.89,58100,1257120000
"2009-11-03","HAI",12.8,12.8,11.89,12.55,60400,1257206400
"2009-11-04","HAI",11.63,12.89,11.63,12.89,57500,1257292800
"2009-11-05","HAI",13.05,13.39,13.05,13.39,47800,1257379200
"2009-11-06","HAI",13.21,13.68,13.18,13.18,28200,1257465600
"2009-11-09","HAI",13.21,13.21,11.95,11.95,3300,1257724800
"2009-11-10","HAI",12.36,12.36,11.51,12.26,34300,1257811200
"2009-11-11","HAI",11.98,11.98,11.38,11.95,23800,1257897600
"2009-11-12","HAI",11.98,12.77,11.63,11.79,23400,1257984000
"2009-11-13","HAI",11.95,12.45,11.6,11.89,50200,1258070400
"2009-11-16","HAI",11.95,12.11,11.79,11.79,10100,1258329600
"2009-11-17","HAI",12.11,12.11,11.48,11.67,18000,1258416000
"2009-11-18","HAI",12.01,12.2,11.92,11.98,45000,1258502400
"2009-11-19","HAI",12.11,12.26,11.57,12.26,20600,1258588800
"2009-11-20","HAI",12.11,12.14,11.73,11.73,23500,1258675200
"2009-11-23","HAI",12.11,12.11,12.07,12.11,35000,1258934400
"2009-11-24","HAI",12.26,12.26,12.07,12.11,2700,1259020800
"2009-11-25","HAI",12.14,12.14,11.29,11.29,17500,1259107200
"2009-11-26","HAI",10.72,11.48,10.72,10.72,4300,1259193600
"2009-11-27","HAI",11.32,11.32,10.47,11.32,19400,1259280000
"2009-11-30","HAI",11.63,11.86,11.01,11.86,18200,1259539200
"2009-12-01","HAI",11.95,12.36,11.95,11.95,11100,1259625600
"2009-12-02","HAI",12.2,12.26,12.11,12.26,7100,1259712000
"2009-12-03","HAI",11.95,12.26,11.92,12.26,18700,1259798400
"2009-12-04","HAI",12.42,12.42,11.48,12.36,7500,1259884800
"2009-12-07","HAI",12.23,12.23,11.67,12.23,7100,1260144000
"2009-12-08","HAI",12.26,12.42,11.67,12.39,7600,1260230400
"2009-12-09","HAI",12.26,12.26,11.63,12.17,15500,1260316800
"2009-12-10","HAI",12.07,12.26,11.63,12.11,8000,1260403200
"2009-12-11","HAI",11.32,11.32,11.16,11.16,4700,1260489600
"2009-12-14","HAI",11.92,11.92,11.48,11.57,2000,1260748800
"2009-12-15","HAI",11.95,12.42,11.04,12.39,10100,1260835200
"2009-12-16","HAI",11.29,12.48,11.29,12.26,13400,1260921600
"2009-12-17","HAI",12.11,12.2,11.63,11.63,2200,1261008000
"2009-12-18","HAI",11.95,12.26,11.95,12.11,3500,1261094400
"2009-12-21","HAI",12.26,12.26,12.23,12.23,1900,1261353600
"2009-12-22","HAI",12.55,12.86,12.26,12.26,1900,1261440000
"2009-12-23","HAI",12.42,12.52,12.11,12.11,3600,1261526400
"2009-12-24","HAI",11.82,11.82,11.82,11.82,100,1261612800
"2009-12-25","HAI",12.58,12.64,11.86,11.95,7000,1261699200
"2009-12-28","HAI",12.73,12.73,11.79,12.04,7700,1261958400
"2009-12-29","HAI",12.39,12.39,12.17,12.17,8200,1262044800
"2009-12-30","HAI",12.39,12.58,12.2,12.39,6300,1262131200
"2009-12-31","HAI",12.52,12.73,12.07,12.11,22500,1262217600
"2010-01-04","HAI",12.89,13.05,12.29,12.58,10500,1262563200
"2010-01-05","HAI",13.11,13.14,11.76,11.89,22200,1262649600
"2010-01-06","HAI",11.48,12.23,11.38,12.23,8000,1262736000
"2010-01-07","HAI",12.11,12.11,11.48,11.48,12600,1262822400
"2010-01-08","HAI",12.33,12.33,12.33,12.33,20000,1262908800
"2010-01-11","HAI",12.52,13.18,11.79,11.82,17400,1263168000
"2010-01-12","HAI",12.58,12.58,11.79,11.79,3300,1263254400
"2010-01-13","HAI",11.92,12.42,11.38,12.42,2400,1263340800
"2010-01-14","HAI",12.39,12.39,11.79,11.79,300,1263427200
"2010-01-15","HAI",12.58,12.58,12.58,12.58,10000,1263513600
"2010-01-18","HAI",12.26,12.39,12.23,12.39,1200,1263772800
"2010-01-19","HAI",12.73,12.73,11.63,11.63,11000,1263859200
"2010-01-20","HAI",12.42,12.42,11.76,11.79,3500,1263945600
"2010-01-21","HAI",12.26,12.26,11.16,11.95,6000,1264032000
"2010-01-22","HAI",11.95,12.07,11.63,11.63,11600,1264118400
"2010-01-25","HAI",12.23,12.23,11.95,11.95,18100,1264377600
"2010-01-26","HAI",12.11,12.42,12.11,12.11,5200,1264464000
"2010-01-27","HAI",12.14,12.26,12.11,12.26,3500,1264550400
"2010-01-28","HAI",12.42,12.83,12.42,12.83,10000,1264636800
"2010-01-29","HAI",12.39,12.45,11.86,12.23,9900,1264723200
"2010-02-01","HAI",12.42,12.42,12.42,12.42,1000,1264982400
"2010-02-02","HAI",12.89,12.89,11.63,11.63,1600,1265068800
"2010-02-03","HAI",12.01,12.42,12.01,12.01,3000,1265155200
"2010-02-04","HAI",12.26,12.26,11.67,11.67,4900,1265241600
"2010-02-05","HAI",12.45,12.45,12.26,12.26,1200,1265328000
"2010-02-08","HAI",12.52,12.58,12.52,12.58,1000,1265587200
"2010-02-10","HAI",12.2,12.58,12.2,12.58,4500,1265760000
"2010-02-11","HAI",12.48,12.55,12.48,12.55,2000,1265846400
"2010-02-12","HAI",12.58,12.58,12.58,12.58,1000,1265932800
"2010-02-22","HAI",13.21,13.36,13.21,13.36,1000,1266796800
"2010-02-23","HAI",12.45,12.58,12.45,12.58,600,1266883200
"2010-02-24","HAI",13.21,13.21,12.55,12.55,1200,1266969600
"2010-02-25","HAI",12.23,12.89,12.23,12.89,3100,1267056000
"2010-02-26","HAI",13.21,13.21,12.58,12.58,1500,1267142400
"2010-03-01","HAI",12.58,12.58,12.58,12.58,100,1267401600
"2010-03-02","HAI",12.64,12.64,12.26,12.26,1200,1267488000
"2010-03-03","HAI",12.26,12.26,12.26,12.26,200,1267574400
"2010-03-04","HAI",12.89,12.89,11.95,12.07,10100,1267660800
"2010-03-05","HAI",12.42,12.42,12.42,12.42,100,1267747200
"2010-03-08","HAI",12.55,12.55,12.26,12.26,11200,1268006400
"2010-03-09","HAI",11.98,12.58,11.63,11.95,5000,1268092800
"2010-03-10","HAI",12.36,12.36,11.79,11.95,4100,1268179200
"2010-03-11","HAI",12.42,12.42,12.42,12.42,2000,1268265600
"2010-03-12","HAI",12.39,12.42,11.63,11.63,5200,1268352000
"2010-03-15","HAI",12.11,12.11,12.01,12.07,14500,1268611200
"2010-03-16","HAI",12.07,12.07,12.07,12.07,800,1268697600
"2010-03-18","HAI",12.04,12.07,11.51,11.51,13500,1268870400
"2010-03-19","HAI",12.01,12.04,11.57,11.57,9500,1268956800
"2010-03-22","HAI",11.63,11.98,11.63,11.63,5100,1269216000
"2010-03-23","HAI",11.51,11.54,11.51,11.54,1300,1269302400
"2010-03-24","HAI",12.04,12.04,11.63,11.63,5300,1269388800
"2010-03-25","HAI",11.51,11.79,11.51,11.79,500,1269475200
"2010-03-26","HAI",11.86,11.92,11.86,11.92,2000,1269561600
"2010-03-29","HAI",11.95,12.11,11.79,11.95,4800,1269820800
"2010-03-30","HAI",11.95,11.95,11.95,11.95,3200,1269907200
"2010-03-31","HAI",11.13,11.92,11.13,11.89,7200,1269993600
"2010-04-01","HAI",12.23,12.23,11.63,11.63,6300,1270080000
"2010-04-02","HAI",11.79,11.95,11.79,11.95,4100,1270166400
"2010-04-05","HAI",12.07,12.07,11.32,11.32,200,1270425600
"2010-04-20","HAI",12.42,14.15,11.32,14.15,63610,1271721600
"2010-04-21","HAI",13.46,13.46,13.46,13.46,1140,1271808000
"2010-04-22","HAI",12.8,12.8,12.8,12.8,9950,1271894400
"2010-04-26","HAI",12.17,12.2,12.17,12.17,75380,1272240000
"2010-04-27","HAI",12.14,12.14,11.57,12.14,46590,1272326400
"2010-04-28","HAI",11.86,12.58,11.86,12.58,12190,1272412800
"2010-04-29","HAI",11.95,13.21,11.95,13.21,68110,1272499200
"2010-05-04","HAI",13.52,13.52,12.55,12.55,63010,1272931200
"2010-05-05","HAI",12.01,12.11,11.95,11.98,27900,1273017600
"2010-05-06","HAI",11.95,12.04,11.79,11.98,12510,1273104000
"2010-05-07","HAI",11.95,12.11,11.38,11.38,30600,1273190400
"2010-05-10","HAI",11.38,11.48,11.38,11.41,21880,1273449600
"2010-05-11","HAI",11.48,11.95,11.48,11.73,27070,1273536000
"2010-05-12","HAI",11.23,11.29,11.16,11.26,53630,1273622400
"2010-05-13","HAI",11.35,11.48,10.75,11.01,27300,1273708800
"2010-05-14","HAI",11.01,11.01,10.85,11.01,36410,1273795200
"2010-05-17","HAI",10.88,10.88,10.56,10.82,16600,1274054400
"2010-05-18","HAI",10.79,10.79,10.38,10.53,6960,1274140800
"2010-05-19","HAI",10.06,10.09,10.03,10.06,28290,1274227200
"2010-05-20","HAI",9.59,10.53,9.59,10.53,17220,1274313600
"2010-05-21","HAI",10.03,10.53,10.03,10.03,17130,1274400000
"2010-05-24","HAI",10.03,10.47,10.03,10.03,2800,1274659200
"2010-05-25","HAI",10.06,10.06,10.06,10.06,4890,1274745600
"2010-05-26","HAI",9.75,10.41,9.75,10.41,5230,1274832000
"2010-05-27","HAI",9.94,10.85,9.94,10.85,7130,1274918400
"2010-05-28","HAI",10.91,11.32,10.88,11.32,17170,1275004800
"2010-05-31","HAI",11.48,11.48,11.32,11.48,13020,1275264000
"2010-06-01","HAI",10.91,11.48,10.91,10.91,6630,1275350400
"2010-06-02","HAI",10.53,11.16,10.53,11.07,2640,1275436800
"2010-06-03","HAI",11.29,11.32,11.29,11.32,1010,1275523200
"2010-06-04","HAI",10.85,10.85,10.79,10.79,1020,1275609600
"2010-06-07","HAI",11.01,11.01,10.25,10.94,3730,1275868800
"2010-06-08","HAI",10.69,10.69,10.69,10.69,4000,1275955200
"2010-06-09","HAI",10.25,10.97,10.22,10.97,4650,1276041600
"2010-06-10","HAI",10.5,10.94,10.5,10.94,3780,1276128000
"2010-06-11","HAI",10.44,10.44,10.44,10.44,2110,1276214400
"2010-06-14","HAI",10.85,10.85,10.06,10.75,21580,1276473600
"2010-06-15","HAI",10.35,10.82,10.31,10.82,520,1276560000
"2010-06-16","HAI",10.56,10.69,10.28,10.44,1620,1276646400
"2010-06-18","HAI",10.06,10.69,9.97,9.97,4150,1276819200
"2010-06-21","HAI",10.09,10.44,10.06,10.44,12910,1277078400
"2010-06-22","HAI",10.13,10.79,10.13,10.79,4260,1277164800
"2010-06-23","HAI",10.38,10.66,10.25,10.66,2010,1277251200
"2010-06-24","HAI",10.31,10.66,10.25,10.66,7710,1277337600
"2010-06-25","HAI",10.16,10.38,10.16,10.38,2190,1277424000
"2010-06-28","HAI",10.5,10.53,10.06,10.53,3810,1277683200
"2010-06-29","HAI",10.06,10.5,10.06,10.5,4850,1277769600
"2010-06-30","HAI",10.09,10.47,10.09,10.47,10420,1277856000
"2010-07-01","HAI",10.38,10.38,9.97,10.35,9630,1277942400
"2010-07-02","HAI",10.06,10.06,9.84,10.06,18660,1278028800
"2010-07-05","HAI",10.06,10.13,10.06,10.13,60,1278288000
"2010-07-06","HAI",10,10,9.75,9.9,2500,1278374400
"2010-07-07","HAI",9.75,10.06,9.75,10.06,1100,1278460800
"2010-07-08","HAI",9.59,9.75,9.59,9.75,930,1278547200
"2010-07-09","HAI",9.69,9.69,9.69,9.69,500,1278633600
"2010-07-12","HAI",9.69,10.03,9.69,10.03,2170,1278892800
"2010-07-13","HAI",10.03,10.03,10.03,10.03,1290,1278979200
"2010-07-14","HAI",9.9,10.06,9.75,9.9,3980,1279065600
"2010-07-15","HAI",9.9,9.9,9.62,9.9,3110,1279152000
"2010-07-16","HAI",9.75,10.03,9.75,9.87,300,1279238400
"2010-07-19","HAI",9.9,9.9,9.75,9.75,2220,1279497600
"2010-07-20","HAI",9.65,9.69,9.59,9.59,3260,1279584000
"2010-07-21","HAI",9.59,9.75,9.53,9.59,6430,1279670400
"2010-07-22","HAI",9.46,9.59,9.46,9.46,770,1279756800
"2010-07-23","HAI",9.78,9.78,9.43,9.46,5390,1279843200
"2010-07-26","HAI",9.59,9.59,9.59,9.59,620,1280102400
"2010-07-27","HAI",9.59,9.59,9.53,9.53,3300,1280188800
"2010-07-28","HAI",9.12,9.56,9.12,9.43,3020,1280275200
"2010-07-29","HAI",9.12,9.59,9.12,9.59,1170,1280361600
"2010-07-30","HAI",9.43,9.94,9.43,9.94,5290,1280448000
"2010-08-02","HAI",9.59,9.59,9.59,9.59,1500,1280707200
"2010-08-03","HAI",9.46,9.72,9.43,9.72,1500,1280793600
"2010-08-06","HAI",9.31,9.72,9.31,9.72,5410,1281052800
"2010-08-09","HAI",9.24,9.72,9.24,9.72,10670,1281312000
"2010-08-10","HAI",9.24,9.65,9.24,9.65,5860,1281398400
"2010-08-11","HAI",9.43,9.59,9.43,9.59,5400,1281484800
"2010-08-12","HAI",9.12,9.4,9.12,9.4,2210,1281571200
"2010-08-13","HAI",8.96,9.43,8.96,9.43,3190,1281657600
"2010-08-17","HAI",8.99,9.28,8.99,9.28,530,1282003200
"2010-08-18","HAI",8.96,8.96,8.87,8.87,2190,1282089600
"2010-08-19","HAI",8.84,8.84,8.8,8.8,2020,1282176000
"2010-08-20","HAI",8.52,9.24,8.52,8.55,970,1282262400
"2010-08-23","HAI",8.49,8.49,8.49,8.49,1120,1282521600
"2010-08-24","HAI",8.18,8.46,8.18,8.46,3170,1282608000
"2010-08-25","HAI",8.08,8.33,8.05,8.33,810,1282694400
"2010-08-26","HAI",8.43,8.46,8.43,8.46,1300,1282780800
"2010-08-27","HAI",8.46,8.46,8.46,8.46,2000,1282867200
"2010-08-30","HAI",8.18,8.8,8.18,8.65,5160,1283126400
"2010-08-31","HAI",8.8,8.8,8.49,8.8,11300,1283212800
"2010-09-01","HAI",8.58,8.68,8.58,8.68,3860,1283299200
"2010-09-06","HAI",8.84,8.84,8.68,8.8,6590,1283731200
"2010-09-07","HAI",8.87,8.96,8.87,8.93,3080,1283817600
"2010-09-08","HAI",8.55,8.9,8.55,8.9,7830,1283904000
"2010-09-09","HAI",8.8,8.87,8.8,8.87,7030,1283990400
"2010-09-10","HAI",8.8,8.9,8.8,8.9,4180,1284076800
"2010-09-13","HAI",8.58,8.9,8.49,8.9,7090,1284336000
"2010-09-14","HAI",8.87,9.28,8.87,9.28,9440,1284422400
"2010-09-15","HAI",9.43,9.69,9.43,9.69,3970,1284508800
"2010-09-16","HAI",9.9,10.06,9.69,10.06,3250,1284595200
"2010-09-17","HAI",10.19,10.5,9.94,9.94,6110,1284681600
"2010-09-20","HAI",9.94,10.35,9.5,10.35,2770,1284940800
"2010-09-21","HAI",9.9,10.22,9.84,10.22,2400,1285027200
"2010-09-22","HAI",9.78,10.35,9.78,10.35,2180,1285113600
"2010-09-23","HAI",9.94,10.53,9.9,10.53,6100,1285200000
"2010-09-24","HAI",10.06,10.41,10.06,10.41,1750,1285286400
"2010-09-27","HAI",10.41,10.41,9.9,10.41,5060,1285545600
"2010-09-28","HAI",10.06,10.09,10.06,10.09,6310,1285632000
"2010-09-29","HAI",10.38,10.38,10.38,10.38,10000,1285718400
"2010-09-30","HAI",10.41,10.41,10.41,10.41,5000,1285804800
"2010-10-01","HAI",10.13,10.38,10.06,10.38,2310,1285891200
"2010-10-04","HAI",9.9,10.38,9.9,10.38,1100,1286150400
"2010-10-06","HAI",10.25,10.25,10.25,10.25,100,1286323200
"2010-10-07","HAI",10.25,10.25,10.25,10.25,100,1286409600
"2010-10-08","HAI",9.94,9.94,9.94,9.94,250,1286496000
"2010-10-11","HAI",10.06,10.06,10.06,10.06,100,1286755200
"2010-10-12","HAI",9.56,10.13,9.56,10.13,1020,1286841600
"2010-10-13","HAI",10.06,10.06,10.06,10.06,1990,1286928000
"2010-10-14","HAI",9.59,10.03,9.59,10.03,1500,1287014400
"2010-10-18","HAI",9.59,10.06,9.59,10.06,560,1287360000
"2010-10-19","HAI",10.06,10.06,10.06,10.06,1420,1287446400
"2010-10-20","HAI",10.06,10.06,9.75,9.75,5230,1287532800
"2010-10-21","HAI",9.75,9.75,9.75,9.75,2000,1287619200
"2010-10-22","HAI",9.75,9.75,9.43,9.59,6000,1287705600
"2010-10-25","HAI",9.12,9.75,9.12,9.12,3110,1287964800
"2010-10-26","HAI",9.56,9.56,9.56,9.56,10,1288051200
"2010-10-27","HAI",9.75,9.75,9.75,9.75,10,1288137600
"2010-10-28","HAI",9.75,9.9,9.75,9.9,3000,1288224000
"2010-10-29","HAI",9.9,10,9.9,10,6000,1288310400
"2010-11-01","HAI",10,10.06,10,10.06,1500,1288569600
"2010-11-02","HAI",9.56,10.06,9.56,10.06,1510,1288656000
"2010-11-03","HAI",10.06,10.06,9.59,9.75,1500,1288742400
"2010-11-04","HAI",9.59,9.59,9.43,9.43,2780,1288828800
"2010-11-05","HAI",9.43,9.75,9.43,9.75,2080,1288915200
"2010-11-08","HAI",9.75,9.9,9.43,9.9,2160,1289174400
"2010-11-09","HAI",10.06,10.06,9.75,9.75,410,1289260800
"2010-11-10","HAI",9.94,10.22,9.75,10.19,9640,1289347200
"2010-11-11","HAI",9.9,9.9,9.9,9.9,4000,1289433600
"2010-11-15","HAI",9.43,9.43,9.43,9.43,500,1289779200
"2010-11-16","HAI",9.4,9.59,9.4,9.59,6000,1289865600
"2010-11-17","HAI",9.59,9.59,9.59,9.59,500,1289952000
"2010-11-18","HAI",9.59,9.59,9.59,9.59,500,1290038400
"2010-11-19","HAI",9.69,9.75,9.69,9.75,900,1290124800
"2010-11-22","HAI",9.75,9.75,9.75,9.75,500,1290384000
"2010-11-23","HAI",9.72,9.72,9.72,9.72,500,1290470400
"2010-11-24","HAI",9.72,9.75,9.72,9.72,700,1290556800
"2010-11-25","HAI",9.75,9.75,9.28,9.72,4000,1290643200
"2010-11-26","HAI",9.9,10.06,9.84,9.84,2300,1290729600
"2010-11-29","HAI",10.06,10.06,10.06,10.06,1000,1290988800
"2010-11-30","HAI",9.56,10.22,9.56,10.22,2010,1291075200
"2010-12-01","HAI",10.22,10.22,10.22,10.22,1400,1291161600
"2010-12-02","HAI",9.9,10.06,9.9,10.06,3000,1291248000
"2010-12-03","HAI",10.22,10.22,9.75,10.06,3030,1291334400
"2010-12-06","HAI",9.75,10.38,9.75,10.38,1800,1291593600
"2010-12-07","HAI",10.38,10.38,10.38,10.38,1000,1291680000
"2010-12-08","HAI",10.35,10.38,10.31,10.31,2800,1291766400
"2010-12-09","HAI",9.81,10.35,9.81,10.35,5610,1291852800
"2010-12-10","HAI",9.87,10.41,9.84,10.41,3180,1291939200
"2010-12-13","HAI",10.5,10.5,10.5,10.5,2100,1292198400
"2010-12-14","HAI",10,10.82,10,10.82,3570,1292284800
"2010-12-15","HAI",10.82,10.82,10.28,10.66,1060,1292371200
"2010-12-16","HAI",10.85,10.85,10.85,10.85,700,1292457600
"2010-12-17","HAI",10.85,10.85,10.85,10.85,6500,1292544000
"2010-12-20","HAI",10.31,10.85,10.31,10.85,2190,1292803200
"2010-12-21","HAI",10.75,10.85,10.69,10.82,14210,1292889600
"2010-12-22","HAI",10.75,10.75,10.75,10.75,3100,1292976000
"2010-12-23","HAI",10.38,10.75,10.38,10.75,12300,1293062400
"2010-12-24","HAI",10.75,11.01,10.41,11.01,5910,1293148800
"2010-12-27","HAI",10.72,10.97,10.69,10.97,6320,1293408000
"2010-12-28","HAI",10.69,10.69,10.5,10.5,4640,1293494400
"2010-12-29","HAI",10.38,10.85,10.38,10.85,7850,1293580800
"2010-12-30","HAI",11.16,11.16,11.16,11.16,10000,1293667200
"2010-12-31","HAI",11.48,11.48,10.82,11.45,15230,1293753600
"2011-01-04","HAI",10.88,11.76,10.88,11.76,3040,1294099200
"2011-01-05","HAI",11.19,11.19,11.19,11.19,100,1294185600
"2011-01-06","HAI",10.69,10.69,10.69,10.69,1500,1294272000
"2011-01-07","HAI",10.69,10.69,10.19,10.19,1770,1294358400
"2011-01-10","HAI",9.81,10.69,9.69,10.69,4100,1294617600
"2011-01-11","HAI",10.85,10.85,10.85,10.85,2000,1294704000
"2011-01-12","HAI",10.85,10.85,10.82,10.82,3100,1294790400
"2011-01-13","HAI",11.01,11.01,11.01,11.01,1010,1294876800
"2011-01-18","HAI",10.47,10.47,10.47,10.47,1150,1295308800
"2011-01-19","HAI",10.47,10.47,10.47,10.47,500,1295395200
"2011-01-20","HAI",10.66,10.66,10.66,10.66,500,1295481600
"2011-01-21","HAI",10.31,10.31,10.31,10.31,1030,1295568000
"2011-01-24","HAI",9.94,9.94,9.94,9.94,750,1295827200
"2011-01-25","HAI",10.25,10.25,10.25,10.25,1000,1295913600
"2011-01-26","HAI",10.5,10.5,10.5,10.5,1010,1296000000
"2011-01-27","HAI",10.09,10.82,10.09,10.82,610,1296086400
"2011-01-28","HAI",10.41,11.01,10.38,11.01,5130,1296172800
"2011-02-08","HAI",11.32,11.32,11.32,11.32,1010,1297123200
"2011-02-09","HAI",10.75,11.35,10.75,11.35,50,1297209600
"2011-02-10","HAI",10.79,11.45,10.79,11.38,640,1297296000
"2011-02-11","HAI",10.82,11.29,10.82,11.29,20,1297382400
"2011-02-14","HAI",11.41,11.41,11.41,11.41,510,1297641600
"2011-02-15","HAI",10.88,11.45,10.88,11.45,1040,1297728000
"2011-02-16","HAI",11.45,11.45,11.45,11.45,100,1297814400
"2011-02-17","HAI",11.63,11.63,11.63,11.63,510,1297900800
"2011-02-18","HAI",11.16,11.54,11.16,11.41,110,1297987200
"2011-02-21","HAI",11.01,11.01,11.01,11.01,200,1298246400
"2011-02-22","HAI",10.47,11.01,10.47,10.97,2610,1298332800
"2011-02-23","HAI",10.5,11.13,10.44,10.88,2910,1298419200
"2011-02-24","HAI",10.94,10.94,10.94,10.94,2000,1298505600
"2011-02-25","HAI",10.94,10.97,10.44,10.94,1140,1298592000
"2011-02-28","HAI",10.41,10.41,10.41,10.41,650,1298851200
"2011-03-01","HAI",10.41,10.41,10.41,10.41,4600,1298937600
"2011-03-02","HAI",9.9,10.38,9.9,10.38,5400,1299024000
"2011-03-03","HAI",10.38,10.38,10.38,10.38,200,1299110400
"2011-03-04","HAI",10.66,10.66,10.66,10.66,500,1299196800
"2011-03-07","HAI",10.69,10.97,10.66,10.97,250,1299456000
"2011-03-08","HAI",10.44,11.16,10.44,11.16,1240,1299542400
"2011-03-09","HAI",10.66,11.19,10.63,11.19,2750,1299628800
"2011-03-10","HAI",11.13,11.13,11.13,11.13,10,1299715200
"2011-03-11","HAI",10.66,11.38,10.6,11.13,35410,1299801600
"2011-03-14","HAI",8.58,9.28,8.58,9.28,610,1300060800
"2011-03-15","HAI",9.28,9.28,9.28,9.28,210,1300147200
"2011-03-16","HAI",9.28,9.28,9.28,9.28,510,1300233600
"2011-03-17","HAI",9.28,9.28,9.28,9.28,110,1300320000
"2011-03-18","HAI",9.21,9.21,9.21,9.21,1020,1300406400
"2011-03-21","HAI",8.8,9.15,8.8,9.15,2520,1300665600
"2011-03-22","HAI",8.84,9.06,8.8,9.06,2460,1300752000
"2011-03-23","HAI",9.12,9.12,9.12,9.12,2020,1300838400
"2011-03-24","HAI",9.56,9.56,9.56,9.56,1040,1300924800
"2011-03-25","HAI",9.31,9.4,9.31,9.4,2090,1301011200
"2011-03-28","HAI",9.43,9.43,9.12,9.37,3620,1301270400
"2011-03-29","HAI",9.34,9.4,9.34,9.4,3020,1301356800
"2011-03-30","HAI",9.12,9.5,9.12,9.5,3340,1301443200
"2011-03-31","HAI",9.43,9.43,9.43,9.43,1010,1301529600
"2011-04-01","HAI",9.9,9.9,9.9,9.9,30,1301616000
"2011-04-04","HAI",10.35,10.35,9.43,10,40,1301875200
"2011-04-05","HAI",9.53,9.59,9.53,9.59,50,1301961600
"2011-04-06","HAI",10,10,9.12,10,1130,1302048000
"2011-04-07","HAI",9.53,9.72,9.53,9.72,60,1302134400
"2011-04-08","HAI",9.28,9.4,9.28,9.4,2570,1302220800
"2011-04-13","HAI",9.72,9.72,9.72,9.72,20,1302652800
"2011-04-14","HAI",9.72,9.72,9.72,9.72,10,1302739200
"2011-04-15","HAI",10.19,10.19,9.43,9.43,530,1302825600
"2011-04-18","HAI",9.43,9.43,9.43,9.43,120,1303084800
"2011-04-19","HAI",8.96,9.12,8.96,9.12,70,1303171200
"2011-04-20","HAI",9.43,9.43,9.43,9.43,50,1303257600
"2011-04-21","HAI",8.96,9.43,8.96,9.43,1030,1303344000
"2011-04-22","HAI",9.28,9.28,9.28,9.28,1020,1303430400
"2011-04-25","HAI",9.28,9.43,8.84,9.43,540,1303689600
"2011-04-26","HAI",9.43,9.43,9.43,9.43,510,1303776000
"2011-04-27","HAI",8.96,8.96,8.96,8.96,270,1303862400
"2011-04-28","HAI",8.96,8.96,8.96,8.96,2040,1303948800
"2011-04-29","HAI",8.96,9.28,8.96,9.28,640,1304035200
"2011-05-04","HAI",9.28,9.28,9.28,9.28,10,1304467200
"2011-05-05","HAI",9.12,9.28,9.12,9.28,510,1304553600
"2011-05-06","HAI",9.28,9.28,9.28,9.28,10,1304640000
"2011-05-09","HAI",8.9,8.9,8.9,8.9,2460,1304899200
"2011-05-10","HAI",8.68,9.09,8.68,9.09,50,1304985600
"2011-05-11","HAI",9.06,9.06,8.84,9.03,230,1305072000
"2011-05-12","HAI",8.96,8.96,8.71,8.71,110,1305158400
"2011-05-13","HAI",8.71,8.71,8.71,8.71,20,1305244800
"2011-05-16","HAI",9.03,9.03,8.52,9.03,2940,1305504000
"2011-05-17","HAI",8.65,8.65,8.65,8.65,1200,1305590400
"2011-05-18","HAI",8.27,8.65,8.24,8.65,1170,1305676800
"2011-05-19","HAI",8.49,8.49,8.49,8.49,160,1305763200
"2011-05-20","HAI",8.49,8.49,8.49,8.49,10,1305849600
"2011-05-23","HAI",8.49,8.49,8.18,8.49,600,1306108800
"2011-05-24","HAI",8.33,8.33,8.33,8.33,100,1306195200
"2011-05-25","HAI",8.43,8.43,8.43,8.43,20,1306281600
"2011-05-26","HAI",8.43,8.43,8.43,8.43,10,1306368000
"2011-05-27","HAI",8.08,8.46,8.05,8.46,840,1306454400
"2011-05-30","HAI",8.46,8.46,8.46,8.46,10,1306713600
"2011-05-31","HAI",8.46,8.46,8.46,8.46,10,1306800000
"2011-06-01","HAI",8.49,8.49,8.49,8.49,530,1306886400
"2011-06-02","HAI",8.74,8.74,8.74,8.74,40,1306972800
"2011-06-03","HAI",8.49,8.65,8.49,8.65,1210,1307059200
"2011-06-06","HAI",8.65,8.65,8.65,8.65,10,1307318400
"2011-06-07","HAI",8.24,8.65,8.24,8.65,520,1307404800
"2011-06-08","HAI",8.65,8.77,8.65,8.77,390,1307491200
"2011-06-09","HAI",8.46,8.46,8.46,8.46,1410,1307577600
"2011-06-10","HAI",8.49,8.62,8.49,8.62,1010,1307664000
"2011-06-13","HAI",8.62,8.62,8.62,8.62,350,1307923200
"2011-06-14","HAI",8.62,8.62,8.62,8.62,910,1308009600
"2011-06-15","HAI",8.62,8.62,8.24,8.24,1080,1308096000
"2011-06-16","HAI",8.24,8.24,8.24,8.24,10,1308182400
"2011-06-17","HAI",8.49,8.49,8.49,8.49,2050,1308268800
"2011-06-20","HAI",8.62,8.62,8.11,8.11,1010,1308528000
"2011-06-21","HAI",8.18,8.49,8.14,8.49,2130,1308614400
"2011-06-22","HAI",8.49,8.49,8.49,8.49,1000,1308700800
"2011-06-23","HAI",8.14,8.14,8.14,8.14,10,1308787200
"2011-06-24","HAI",8.21,8.21,8.14,8.14,2120,1308873600
"2011-06-27","HAI",8.18,8.46,8.18,8.46,300,1309132800
"2011-06-28","HAI",8.11,8.49,8.08,8.49,260,1309219200
"2011-06-29","HAI",8.18,8.18,8.18,8.18,100,1309305600
"2011-06-30","HAI",7.77,8.14,7.77,8.14,3550,1309392000
"2011-07-01","HAI",8.14,8.14,7.77,7.77,2230,1309478400
"2011-07-04","HAI",8.05,8.05,8.05,8.05,2000,1309737600
"2011-07-05","HAI",8.05,8.05,8.05,8.05,2000,1309824000
"2011-07-06","HAI",7.77,8.3,7.74,8.3,140,1309910400
"2011-07-07","HAI",8.62,8.62,8.62,8.62,500,1309996800
"2011-07-08","HAI",8.62,8.62,8.62,8.62,20,1310083200
"2011-07-11","HAI",8.65,8.65,8.65,8.65,100,1310342400
"2011-07-12","HAI",8.65,8.65,8.65,8.65,200,1310428800
"2011-07-13","HAI",8.65,8.65,8.65,8.65,2010,1310515200
"2011-07-14","HAI",8.8,8.8,8.8,8.8,320,1310601600
"2011-07-15","HAI",8.49,8.74,8.49,8.74,140,1310688000
"2011-07-19","HAI",8.74,8.74,8.74,8.74,20,1311033600
"2011-07-20","HAI",8.77,8.77,8.77,8.77,20,1311120000
"2011-07-21","HAI",8.4,8.49,8.36,8.49,160,1311206400
"2011-07-22","HAI",8.33,8.46,8.33,8.46,2420,1311292800
"2011-07-25","HAI",8.49,8.49,8.49,8.49,10,1311552000
"2011-07-26","HAI",8.65,8.65,8.65,8.65,800,1311638400
"2011-07-27","HAI",8.65,8.65,8.65,8.65,1000,1311724800
"2011-07-29","HAI",8.65,8.65,8.65,8.65,620,1311897600
"2011-08-02","HAI",8.24,8.24,8.24,8.24,300,1312243200
"2011-08-03","HAI",7.83,8.33,7.83,8.33,710,1312329600
"2011-08-04","HAI",8.62,8.62,8.62,8.62,150,1312416000
"2011-08-08","HAI",8.49,8.62,8.49,8.62,800,1312761600
"2011-08-09","HAI",8.21,8.21,8.21,8.21,1200,1312848000
"2011-08-10","HAI",7.96,7.96,7.96,7.96,10,1312934400
"2011-08-11","HAI",7.74,7.74,7.74,7.74,10,1313020800
"2011-08-12","HAI",7.8,7.8,7.8,7.8,10,1313107200
"2011-08-15","HAI",8.14,8.18,8.14,8.18,40,1313366400
"2011-08-16","HAI",7.8,8.49,7.77,8.49,1430,1313452800
"2011-08-17","HAI",8.08,8.08,8.08,8.08,110,1313539200
"2011-08-18","HAI",7.7,8.14,7.7,8.14,2680,1313625600
"2011-08-19","HAI",8.14,8.46,8.14,8.46,300,1313712000
"2011-08-22","HAI",8.68,8.68,8.68,8.68,500,1313971200
"2011-08-24","HAI",8.3,8.3,8.3,8.3,200,1314144000
"2011-08-25","HAI",7.96,7.96,7.92,7.92,140,1314230400
"2011-08-26","HAI",8.05,8.05,7.89,7.92,7820,1314316800
"2011-08-29","HAI",7.92,8.14,7.92,8.14,2020,1314576000
"2011-08-30","HAI",7.86,7.86,7.83,7.83,3620,1314662400
"2011-08-31","HAI",7.86,7.86,7.83,7.86,8200,1314748800
"2011-09-01","HAI",7.83,7.86,7.61,7.86,17910,1314835200
"2011-09-05","HAI",7.48,7.51,7.48,7.48,63350,1315180800
"2011-09-06","HAI",7.23,7.23,7.14,7.14,57910,1315267200
"2011-09-07","HAI",7.39,7.39,6.92,7.23,7670,1315353600
"2011-09-08","HAI",6.95,7.51,6.92,7.51,52390,1315440000
"2011-09-09","HAI",7.48,7.55,7.2,7.55,6520,1315526400
"2011-09-12","HAI",7.23,7.23,7.17,7.17,2990,1315785600
"2011-09-13","HAI",7.01,7.01,6.82,6.82,76660,1315872000
"2011-09-14","HAI",6.82,7.04,6.57,6.92,25990,1315958400
"2011-09-15","HAI",6.6,6.82,6.57,6.57,7500,1316044800
"2011-09-16","HAI",6.35,6.54,6.26,6.26,64770,1316131200
"2011-09-19","HAI",6.1,6.29,5.97,6.1,11370,1316390400
"2011-09-20","HAI",5.88,6.16,5.88,5.91,8970,1316476800
"2011-09-21","HAI",6.07,6.2,6.04,6.2,3100,1316563200
"2011-09-22","HAI",6.32,6.32,6.29,6.32,2180,1316649600
"2011-09-23","HAI",6.54,6.54,6.29,6.45,11780,1316736000
"2011-09-26","HAI",6.42,6.42,6.42,6.42,2110,1316995200
"2011-09-27","HAI",6.42,6.42,6.1,6.1,12770,1317081600
"2011-09-28","HAI",6.26,6.26,5.94,5.94,8870,1317168000
"2011-09-29","HAI",5.97,6.1,5.82,6.1,4100,1317254400
"2011-09-30","HAI",6.1,6.1,6.1,6.1,3100,1317340800
"2011-10-03","HAI",6.07,6.1,6.07,6.1,4700,1317600000
"2011-10-04","HAI",6.1,6.13,5.97,5.97,20440,1317686400
"2011-10-05","HAI",6.07,6.1,6.07,6.1,910,1317772800
"2011-10-06","HAI",6.16,6.29,6.04,6.29,10850,1317859200
"2011-10-07","HAI",6.29,6.54,6.29,6.54,18710,1317945600
"2011-10-10","HAI",6.76,6.76,6.42,6.45,7360,1318204800
"2011-10-11","HAI",6.67,6.67,6.29,6.54,12980,1318291200
"2011-10-12","HAI",6.54,6.57,6.38,6.38,12380,1318377600
"2011-10-13","HAI",6.38,6.38,6.32,6.38,4610,1318464000
"2011-10-14","HAI",6.32,6.38,6.32,6.38,11400,1318550400
"2011-10-17","HAI",6.38,6.38,6.32,6.35,610,1318809600
"2011-10-18","HAI",6.38,6.38,6.32,6.35,1390,1318896000
"2011-10-19","HAI",6.01,6.01,5.44,5.66,3310,1318982400
"2011-10-20","HAI",5.69,5.75,5.66,5.72,13010,1319068800
"2011-10-21","HAI",5.72,5.75,5.72,5.72,10040,1319155200
"2011-10-24","HAI",5.69,5.72,5.66,5.66,13320,1319414400
"2011-10-25","HAI",5.63,5.63,5.47,5.47,120,1319500800
"2011-10-26","HAI",5.47,5.47,5.35,5.35,8490,1319587200
"2011-10-27","HAI",5.35,5.5,5.35,5.5,310,1319673600
"2011-10-28","HAI",5.35,5.63,5.35,5.63,4600,1319760000
"2011-10-31","HAI",5.38,5.66,5.38,5.38,1800,1320019200
"2011-11-01","HAI",5.38,5.38,5.38,5.38,1500,1320105600
"2011-11-02","HAI",5.19,5.38,5.19,5.38,1040,1320192000
"2011-11-03","HAI",5.41,5.41,5.16,5.16,1020,1320278400
"2011-11-07","HAI",4.97,5.03,4.91,4.91,11810,1320624000
"2011-11-08","HAI",4.91,4.94,4.81,4.87,19040,1320710400
"2011-11-09","HAI",4.81,4.91,4.81,4.87,20500,1320796800
"2011-11-10","HAI",4.78,4.81,4.78,4.81,14970,1320883200
"2011-11-11","HAI",4.87,4.87,4.62,4.62,26800,1320969600
"2011-11-14","HAI",4.56,4.68,4.56,4.68,12390,1321228800
"2011-11-15","HAI",4.68,4.72,4.68,4.72,2780,1321315200
"2011-11-16","HAI",4.72,4.72,4.72,4.72,3580,1321401600
"2011-11-17","HAI",4.81,4.84,4.81,4.81,1980,1321488000
"2011-11-18","HAI",4.81,4.81,4.81,4.81,4970,1321574400
"2011-11-21","HAI",4.97,4.97,4.97,4.97,1000,1321833600
"2011-11-22","HAI",4.91,5,4.91,5,2080,1321920000
"2011-11-23","HAI",5,5,5,5,1000,1322006400
"2011-11-24","HAI",4.94,5,4.94,5,1010,1322092800
"2011-11-25","HAI",5.03,5.03,5,5.03,2200,1322179200
"2011-11-28","HAI",5.13,5.19,5.13,5.19,3960,1322438400
"2011-11-29","HAI",5.19,5.19,5.19,5.19,1500,1322524800
"2011-11-30","HAI",5.19,5.44,5.19,5.44,2600,1322611200
"2011-12-01","HAI",5.63,5.63,5.22,5.22,150,1322697600
"2011-12-02","HAI",5.38,5.38,5.38,5.38,8100,1322784000
"2011-12-05","HAI",5.47,5.63,5.47,5.63,6370,1323043200
"2011-12-06","HAI",5.63,5.88,5.53,5.88,5600,1323129600
"2011-12-07","HAI",5.66,5.66,5.66,5.66,5050,1323216000
"2011-12-08","HAI",5.66,5.91,5.66,5.91,5970,1323302400
"2011-12-09","HAI",5.69,5.82,5.66,5.82,11000,1323388800
"2011-12-12","HAI",5.91,5.91,5.91,5.91,1000,1323648000
"2011-12-13","HAI",5.82,6.2,5.66,6.2,11470,1323734400
"2011-12-14","HAI",6.48,6.48,6.48,6.48,5460,1323820800
"2011-12-15","HAI",6.45,6.48,6.2,6.45,5850,1323907200
"2011-12-16","HAI",6.42,6.45,6.42,6.45,7100,1323993600
"2011-12-19","HAI",6.42,6.45,6.42,6.45,5600,1324252800
"2011-12-20","HAI",6.32,6.45,6.29,6.45,7620,1324339200
"2011-12-21","HAI",6.29,6.42,6.29,6.29,2510,1324425600
"2011-12-22","HAI",6.29,6.42,6.29,6.42,1420,1324512000
"2011-12-23","HAI",6.42,6.73,6.29,6.73,13620,1324598400
"2011-12-26","HAI",6.45,6.92,6.42,6.92,10940,1324857600
"2011-12-27","HAI",6.57,7.01,6.57,7.01,3250,1324944000
"2011-12-28","HAI",6.92,7.33,6.92,7.33,33570,1325030400
"2011-12-29","HAI",7.01,7.55,6.98,7.55,12100,1325116800
"2011-12-30","HAI",7.55,7.55,7.55,7.55,24920,1325203200
"2012-01-03","HAI",7.17,7.17,7.17,7.17,560,1325548800
"2012-01-04","HAI",7.17,7.17,7.17,7.17,110,1325635200
"2012-01-05","HAI",7.17,7.17,7.17,7.17,1100,1325721600
"2012-01-06","HAI",6.92,6.92,6.82,6.82,230,1325808000
"2012-01-09","HAI",6.57,6.57,6.57,6.57,20,1326067200
"2012-01-10","HAI",6.76,6.76,6.6,6.6,160,1326153600
"2012-01-11","HAI",6.6,6.6,6.45,6.45,1010,1326240000
"2012-01-12","HAI",6.32,6.32,6.29,6.29,600,1326326400
"2012-01-17","HAI",6.32,6.6,6.29,6.6,2210,1326758400
"2012-01-18","HAI",6.45,6.45,6.45,6.45,2000,1326844800
"2012-01-19","HAI",6.29,6.76,6.29,6.76,1910,1326931200
"2012-01-20","HAI",6.45,6.89,6.45,6.89,100,1327017600
"2012-02-01","HAI",6.89,6.89,6.89,6.89,10,1328054400
"2012-02-02","HAI",6.57,6.57,6.57,6.57,60,1328140800
"2012-02-03","HAI",6.45,6.45,6.45,6.45,30,1328227200
"2012-02-07","HAI",6.23,6.23,6.23,6.23,1110,1328572800
"2012-02-08","HAI",6.13,6.13,6.13,6.13,90,1328659200
"2012-02-09","HAI",6.29,6.29,6.29,6.29,10960,1328745600
"2012-02-10","HAI",6.29,6.29,6.29,6.29,1000,1328832000
"2012-02-13","HAI",6.29,6.29,6.29,6.29,5000,1329091200
"2012-02-14","HAI",6.29,6.29,6.29,6.29,1000,1329177600
"2012-02-15","HAI",6.29,6.29,6.29,6.29,4060,1329264000
"2012-02-16","HAI",6.29,6.29,6.29,6.29,3500,1329350400
"2012-02-17","HAI",6.29,6.29,5.97,5.97,3060,1329436800
"2012-02-20","HAI",5.97,6.26,5.82,6.26,7100,1329696000
"2012-02-21","HAI",6.13,6.29,5.97,6.29,27220,1329782400
"2012-02-22","HAI",6.01,6.01,5.97,5.97,4470,1329868800
"2012-02-23","HAI",5.88,5.88,5.69,5.69,91000,1329955200
"2012-02-24","HAI",5.97,5.97,5.69,5.69,2000,1330041600
"2012-02-27","HAI",5.72,5.72,5.66,5.66,11890,1330300800
"2012-02-28","HAI",5.5,5.5,5.5,5.5,530,1330387200
"2012-02-29","HAI",5.6,5.66,5.6,5.6,23620,1330473600
"2012-03-01","HAI",5.6,5.66,5.5,5.66,42500,1330560000
"2012-03-02","HAI",5.57,5.57,5.57,5.57,590,1330646400
"2012-03-05","HAI",5.82,5.82,5.63,5.82,44150,1330905600
"2012-03-06","HAI",5.82,5.82,5.53,5.53,13470,1330992000
"2012-03-07","HAI",5.44,5.75,5.35,5.75,12360,1331078400
"2012-03-08","HAI",5.5,5.72,5.5,5.5,16000,1331164800
"2012-03-09","HAI",5.38,5.5,5.25,5.25,293000,1331251200
"2012-03-12","HAI",5.09,5.25,5.06,5.25,30000,1331510400
"2012-03-13","HAI",5.13,5.13,5.09,5.09,5200,1331596800
"2012-03-14","HAI",5.31,5.35,5.31,5.31,32390,1331683200
"2012-03-15","HAI",5.5,5.5,5.13,5.35,1310,1331769600
"2012-03-16","HAI",5.22,5.22,5.22,5.22,10,1331856000
"2012-03-19","HAI",5.19,5.38,5.19,5.38,270,1332115200
"2012-03-20","HAI",5.41,5.41,5.19,5.19,30,1332201600
"2012-03-21","HAI",5.22,5.35,5.22,5.35,3420,1332288000
"2012-03-22","HAI",5.35,5.35,5.31,5.31,4090,1332374400
"2012-03-23","HAI",5.38,5.44,5.38,5.44,17500,1332460800
"2012-03-26","HAI",5.5,5.5,5.44,5.44,30,1332720000
"2012-03-27","HAI",5.35,5.41,5.35,5.41,4010,1332806400
"2012-03-28","HAI",5.22,5.38,5.22,5.35,12100,1332892800
"2012-03-29","HAI",5.22,5.28,5.22,5.28,6150,1332979200
"2012-03-30","HAI",5.38,5.38,5.38,5.38,10,1333065600
"2012-04-03","HAI",5.38,5.38,5.28,5.28,10170,1333411200
"2012-04-04","HAI",5.31,5.44,5.31,5.44,25960,1333497600
"2012-04-06","HAI",5.53,5.63,5.25,5.6,16900,1333670400
"2012-04-10","HAI",5.66,5.66,5.35,5.6,220,1334016000
"2012-04-11","HAI",5.63,5.63,5.6,5.6,300,1334102400
"2012-04-12","HAI",5.35,5.66,5.35,5.38,9870,1334188800
"2012-04-13","HAI",5.38,5.5,5.35,5.35,15470,1334275200
"2012-04-16","HAI",5.35,5.35,5.25,5.35,6880,1334534400
"2012-04-17","HAI",5.35,5.35,5.28,5.31,4200,1334620800
"2012-04-18","HAI",5.28,5.28,5.28,5.28,400,1334707200
"2012-04-19","HAI",5.44,5.44,5.28,5.41,6210,1334793600
"2012-04-20","HAI",5.41,5.41,5.35,5.35,1020,1334880000
"2012-04-23","HAI",5.44,5.44,5.44,5.44,100,1335139200
"2012-04-24","HAI",5.44,5.44,5.44,5.44,5340,1335225600
"2012-04-25","HAI",5.5,5.53,5.5,5.5,220,1335312000
"2012-04-26","HAI",5.5,5.5,5.5,5.5,2510,1335398400
"2012-05-02","HAI",5.5,5.6,5.5,5.6,8720,1335916800
"2012-05-03","HAI",5.6,5.66,5.38,5.6,362840,1336003200
"2012-05-04","HAI",5.66,5.66,5.66,5.66,50,1336089600
"2012-05-07","HAI",5.66,5.66,5.41,5.47,1010,1336348800
"2012-05-08","HAI",5.5,5.72,5.5,5.72,35360,1336435200
"2012-05-09","HAI",5.72,5.72,5.47,5.47,22000,1336521600
"2012-05-10","HAI",5.47,5.5,5.44,5.44,40010,1336608000
"2012-05-11","HAI",5.5,5.5,5.44,5.44,5320,1336694400
"2012-05-14","HAI",5.41,5.5,5.38,5.5,2410,1336953600
"2012-05-15","HAI",5.41,5.41,5.31,5.35,6350,1337040000
"2012-05-16","HAI",5.35,5.6,5.35,5.6,15810,1337126400
"2012-05-17","HAI",5.6,5.66,5.57,5.6,30230,1337212800
"2012-05-18","HAI",5.6,5.6,5.6,5.6,11000,1337299200
"2012-05-21","HAI",5.66,5.66,5.66,5.66,11440,1337558400
"2012-05-22","HAI",5.66,5.69,5.66,5.69,5630,1337644800
"2012-05-23","HAI",5.88,5.97,5.72,5.91,19560,1337731200
"2012-05-25","HAI",5.63,6.13,5.63,6.13,210,1337904000
"2012-05-28","HAI",6.2,6.23,6.2,6.23,590,1338163200
"2012-05-29","HAI",6.16,6.16,6.16,6.16,5000,1338249600
"2012-05-30","HAI",6.16,6.32,6.16,6.23,33400,1338336000
"2012-05-31","HAI",6.26,6.26,6.26,6.26,160,1338422400
"2012-06-01","HAI",6.04,6.13,5.97,5.97,12720,1338508800
"2012-06-04","HAI",5.69,5.69,5.69,5.69,10,1338768000
"2012-06-06","HAI",5.44,5.44,5.44,5.44,10,1338940800
"2012-06-07","HAI",5.69,5.69,5.69,5.69,100,1339027200
"2012-06-08","HAI",5.94,5.94,5.66,5.66,500,1339113600
"2012-06-11","HAI",5.75,5.75,5.75,5.75,1350,1339372800
"2012-06-12","HAI",5.91,5.91,5.91,5.91,300,1339459200
"2012-06-13","HAI",5.88,5.97,5.88,5.97,3230,1339545600
"2012-06-14","HAI",5.69,6.16,5.69,6.16,390,1339632000
"2012-06-15","HAI",5.97,5.97,5.88,5.88,350,1339718400
"2012-06-18","HAI",5.63,5.88,5.6,5.88,2210,1339977600
"2012-06-19","HAI",5.88,5.88,5.88,5.88,5000,1340064000
"2012-06-21","HAI",5.88,5.88,5.88,5.88,50,1340236800
"2012-06-25","HAI",5.6,5.6,5.6,5.6,60,1340582400
"2012-06-26","HAI",5.85,5.85,5.85,5.85,200,1340668800
"2012-06-27","HAI",5.94,5.94,5.94,5.94,100,1340755200
"2012-06-28","HAI",5.94,5.94,5.94,5.94,100,1340841600
"2012-07-02","HAI",5.66,6.01,5.66,6.01,200,1341187200
"2012-07-03","HAI",5.88,5.88,5.88,5.88,1200,1341273600
"2012-07-04","HAI",5.94,5.94,5.6,5.85,220,1341360000
"2012-07-05","HAI",5.88,5.88,5.82,5.85,730,1341446400
"2012-07-06","HAI",5.57,5.94,5.57,5.94,200,1341532800
"2012-07-10","HAI",5.94,5.94,5.94,5.94,10,1341878400
"2012-07-11","HAI",5.94,6.2,5.94,6.2,15000,1341964800
"2012-07-12","HAI",5.91,5.91,5.91,5.91,10,1342051200
"2012-07-13","HAI",6.13,6.13,6.13,6.13,100,1342137600
"2012-07-16","HAI",6.26,6.26,6.26,6.26,150,1342396800
"2012-07-17","HAI",5.97,5.97,5.97,5.97,2010,1342483200
"2012-07-18","HAI",6.13,6.13,6.13,6.13,100,1342569600
"2012-07-20","HAI",5.85,5.85,5.85,5.85,200,1342742400
"2012-07-23","HAI",5.82,5.82,5.82,5.82,1200,1343001600
"2012-07-24","HAI",5.69,5.69,5.69,5.69,400,1343088000
"2012-07-26","HAI",5.97,5.97,5.97,5.97,200,1343260800
"2012-07-27","HAI",5.97,5.97,5.82,5.82,350,1343347200
"2012-07-30","HAI",5.97,5.97,5.97,5.97,200,1343606400
"2012-07-31","HAI",5.97,5.97,5.97,5.97,1000,1343692800
"2012-08-01","HAI",5.97,5.97,5.97,5.97,1000,1343779200
"2012-08-02","HAI",5.97,5.97,5.97,5.97,1140,1343865600
"2012-08-03","HAI",5.97,5.97,5.97,5.97,1000,1343952000
"2012-08-06","HAI",5.97,5.97,5.97,5.97,140,1344211200
"2012-08-07","HAI",5.97,5.97,5.97,5.97,1400,1344297600
"2012-08-08","HAI",6.01,6.01,6.01,6.01,180,1344384000
"2012-08-10","HAI",6.1,6.1,6.1,6.1,300,1344556800
"2012-08-13","HAI",6.1,6.1,6.1,6.1,10,1344816000
"2012-08-14","HAI",6.1,6.23,6.1,6.23,2600,1344902400
"2012-08-16","HAI",6.29,6.29,6.1,6.1,120,1345075200
"2012-08-17","HAI",6.1,6.29,6.1,6.29,1170,1345161600
"2012-08-21","HAI",6.1,6.1,5.97,5.97,2960,1345507200
"2012-08-23","HAI",5.97,5.97,5.72,5.82,3110,1345680000
"2012-08-27","HAI",5.82,5.82,5.72,5.82,11000,1346025600
"2012-08-28","HAI",5.82,5.82,5.82,5.82,200,1346112000
"2012-08-29","HAI",5.82,6.04,5.82,6.04,2010,1346198400
"2012-09-07","HAI",5.97,5.97,5.75,5.75,4280,1346976000
"2012-09-10","HAI",5.75,5.75,5.75,5.75,790,1347235200
"2012-09-11","HAI",5.75,5.75,5.75,5.75,1000,1347321600
"2012-09-12","HAI",5.75,5.75,5.75,5.75,70,1347408000
"2012-09-13","HAI",5.75,5.75,5.75,5.75,2000,1347494400
"2012-09-14","HAI",5.97,6.04,5.97,6.04,1160,1347580800
"2012-09-17","HAI",5.85,6.32,5.85,6.29,3200,1347840000
"2012-09-18","HAI",6.45,6.54,5.97,5.97,2500,1347926400
"2012-09-19","HAI",6.26,6.26,6.26,6.26,1000,1348012800
"2012-09-24","HAI",6.13,6.13,6.13,6.13,600,1348444800
"2012-09-25","HAI",6.13,6.13,6.13,6.13,500,1348531200
"2012-09-26","HAI",6.01,6.01,5.97,5.97,1560,1348617600
"2012-09-28","HAI",5.97,5.97,5.97,5.97,90,1348790400
"2012-10-02","HAI",5.97,5.97,5.97,5.97,200,1349136000
"2012-10-03","HAI",5.97,5.97,5.97,5.97,40,1349222400
"2012-10-05","HAI",5.97,5.97,5.97,5.97,1100,1349395200
"2012-10-08","HAI",5.97,5.97,5.97,5.97,60,1349654400
"2012-10-10","HAI",5.97,5.97,5.97,5.97,940,1349827200
"2012-10-11","HAI",5.97,5.97,5.97,5.97,2360,1349913600
"2012-10-12","HAI",5.97,6.23,5.97,6.23,1520,1350000000
"2012-10-15","HAI",6.29,6.29,6.29,6.29,650,1350259200
"2012-10-17","HAI",6.01,6.01,5.97,5.97,3500,1350432000
"2012-10-19","HAI",6.01,6.01,5.75,5.75,2010,1350604800
"2012-10-23","HAI",5.79,5.79,5.75,5.75,10000,1350950400
"2012-10-24","HAI",5.75,5.94,5.75,5.94,1190,1351036800
"2012-10-25","HAI",5.75,5.75,5.75,5.75,14000,1351123200
"2012-10-26","HAI",5.75,5.91,5.75,5.75,10000,1351209600
"2012-10-29","HAI",6.04,6.04,5.75,5.75,9130,1351468800
"2012-10-30","HAI",5.75,5.75,5.75,5.75,890,1351555200
"2012-11-01","HAI",5.82,5.82,5.75,5.79,4410,1351728000
"2012-11-02","HAI",5.97,5.97,5.97,5.97,200,1351814400
"2012-11-07","HAI",5.79,5.79,5.79,5.79,90,1352246400
"2012-11-14","HAI",5.82,5.82,5.82,5.82,10,1352851200
"2012-11-15","HAI",5.97,5.97,5.97,5.97,1000,1352937600
"2012-11-16","HAI",5.97,5.97,5.97,5.97,120,1353024000
"2012-11-20","HAI",5.97,5.97,5.97,5.97,1800,1353369600
"2012-11-21","HAI",6.26,6.26,6.26,6.26,20,1353456000
"2012-11-23","HAI",6.29,6.29,6.29,6.29,50,1353628800
"2012-11-29","HAI",5.97,5.97,5.97,5.97,950,1354147200
"2012-12-06","HAI",5.72,6.13,5.72,6.13,1280,1354752000
"2012-12-10","HAI",6.04,6.04,6.04,6.04,10,1355097600
"2012-12-11","HAI",6.04,6.04,5.97,5.97,1900,1355184000
"2012-12-13","HAI",5.75,6.2,5.75,6.2,40,1355356800
"2012-12-17","HAI",6.48,6.48,6.29,6.45,90,1355702400
"2012-12-18","HAI",6.2,6.2,6.2,6.2,210,1355788800
"2012-12-19","HAI",6.38,6.45,6.04,6.45,430,1355875200
"2012-12-21","HAI",6.7,6.7,6.7,6.7,10,1356048000
"2012-12-24","HAI",6.98,6.98,6.98,6.98,10,1356307200
"2012-12-25","HAI",7.23,7.29,7.23,7.29,20,1356393600
"2012-12-26","HAI",6.95,7.42,6.95,7.42,40,1356480000
"2012-12-27","HAI",7.08,7.42,7.08,7.42,30,1356566400
"2012-12-28","HAI",7.39,7.61,7.39,7.61,1600,1356652800
"2013-01-02","HAI",7.86,7.86,7.86,7.86,200,1357084800
"2013-01-03","HAI",8.02,8.18,7.96,7.96,19100,1357171200
"2013-01-04","HAI",8.02,8.02,7.61,7.86,7390,1357257600
"2013-01-07","HAI",7.86,7.86,7.51,7.86,12710,1357516800
"2013-01-08","HAI",7.83,8.02,7.77,7.77,10140,1357603200
"2013-01-09","HAI",7.86,7.86,7.86,7.86,7410,1357689600
"2013-01-10","HAI",8.14,8.14,7.48,7.48,11360,1357776000
"2013-01-11","HAI",7.56,7.56,7.56,7.56,50,1357862400
"2013-01-14","HAI",7.2,7.56,7.2,7.56,5070,1358121600
"2013-01-15","HAI",7.2,7.52,7.05,7.52,6700,1358208000
"2013-01-16","HAI",8.02,8.02,8.02,8.02,10,1358294400
"2013-01-17","HAI",7.74,7.84,7.48,7.48,1520,1358380800
"2013-01-18","HAI",7.52,7.52,7.02,7.02,3310,1358467200
"2013-01-21","HAI",7.2,7.2,7.2,7.2,5000,1358726400
"2013-01-22","HAI",6.87,7.52,6.84,6.84,2950,1358812800
"2013-01-23","HAI",6.84,6.91,6.73,6.73,3810,1358899200
"2013-01-24","HAI",6.73,7.16,6.73,7.16,3470,1358985600
"2013-01-25","HAI",7.2,7.23,7.12,7.23,11010,1359072000
"2013-01-28","HAI",7.38,7.38,7.23,7.23,210,1359331200
"2013-01-29","HAI",7.2,7.23,7.2,7.2,3870,1359417600
"2013-01-30","HAI",7.2,7.23,7.2,7.23,16530,1359504000
"2013-01-31","HAI",7.2,7.23,7.2,7.23,6440,1359590400
"2013-02-01","HAI",7.2,7.38,7.2,7.2,12010,1359676800
"2013-02-04","HAI",7.23,7.41,7.23,7.41,6130,1359936000
"2013-02-05","HAI",7.45,7.45,7.27,7.27,1040,1360022400
"2013-02-06","HAI",7.27,7.45,7.27,7.45,2020,1360108800
"2013-02-07","HAI",7.45,7.45,7.45,7.45,10,1360195200
"2013-02-08","HAI",7.48,7.48,7.45,7.45,360,1360281600
"2013-02-18","HAI",7.38,7.59,7.34,7.59,19030,1361145600
"2013-02-20","HAI",7.56,7.63,7.56,7.56,30740,1361318400
"2013-02-21","HAI",7.56,7.66,7.56,7.56,18640,1361404800
"2013-02-22","HAI",7.56,7.7,7.56,7.56,28930,1361491200
"2013-02-25","HAI",7.56,7.7,7.56,7.7,9710,1361750400
"2013-02-26","HAI",7.92,7.99,7.92,7.99,40,1361836800
"2013-02-27","HAI",7.74,7.74,7.74,7.74,7700,1361923200
"2013-02-28","HAI",7.56,7.56,7.56,7.56,9500,1362009600
"2013-03-01","HAI",7.48,7.48,7.48,7.48,1100,1362096000
"2013-03-04","HAI",7.45,7.45,7.45,7.45,1070,1362355200
"2013-03-05","HAI",7.34,7.41,7.34,7.41,2550,1362441600
"2013-03-06","HAI",7.41,7.45,7.41,7.45,1100,1362528000
"2013-03-07","HAI",7.45,7.45,7.45,7.45,950,1362614400
"2013-03-11","HAI",7.27,7.74,7.27,7.74,1520,1362960000
"2013-03-12","HAI",7.84,7.84,7.84,7.84,10,1363046400
"2013-03-13","HAI",7.84,7.84,7.41,7.41,1050,1363132800
"2013-03-19","HAI",7.3,7.3,7.3,7.3,980,1363651200
"2013-03-20","HAI",7.77,7.77,7.77,7.77,10,1363737600
"2013-03-21","HAI",7.99,7.99,7.99,7.99,10,1363824000
"2013-03-22","HAI",8.38,8.38,7.99,7.99,5710,1363910400
"2013-03-28","HAI",7.45,7.92,7.45,7.92,1010,1364428800
"2013-04-01","HAI",7.92,7.92,7.92,7.92,200,1364774400
"2013-04-02","HAI",7.41,7.84,7.41,7.84,1010,1364860800
"2013-04-04","HAI",7.41,7.95,7.41,7.95,1130,1365033600
"2013-04-08","HAI",7.59,7.59,7.59,7.59,190,1365379200
"2013-04-12","HAI",8.06,8.06,8.06,8.06,10,1365724800
"2013-04-15","HAI",7.52,7.52,7.52,7.52,210,1365984000
"2013-04-23","HAI",7.02,7.02,7.02,7.02,1000,1366675200
"2013-04-24","HAI",6.58,7.48,6.58,7.48,1230,1366761600
"2013-05-06","HAI",7.84,7.84,7.84,7.84,10,1367798400
"2013-05-08","HAI",7.74,7.84,7.41,7.84,5130,1367971200
"2013-05-09","HAI",7.56,7.56,7.56,7.56,50,1368057600
"2013-05-10","HAI",7.27,7.84,7.27,7.84,70,1368144000
"2013-05-13","HAI",7.38,7.38,7.38,7.38,120,1368403200
"2013-05-14","HAI",7.38,7.38,7.38,7.38,450,1368489600
"2013-05-15","HAI",7.38,7.88,7.38,7.88,20,1368576000
"2013-05-21","HAI",7.38,7.38,7.38,7.38,110,1369094400
"2013-05-22","HAI",7.41,7.41,7.41,7.41,370,1369180800
"2013-05-23","HAI",7.2,7.41,7.2,7.2,4240,1369267200
"2013-05-24","HAI",7.2,7.23,7.2,7.23,490,1369353600
"2013-05-28","HAI",7.23,7.52,7.23,7.52,520,1369699200
"2013-05-29","HAI",7.56,7.56,7.56,7.56,10,1369785600
"2013-05-30","HAI",7.23,7.23,7.23,7.23,380,1369872000
"2013-06-04","HAI",7.38,7.38,7.3,7.3,340,1370304000
"2013-06-05","HAI",7.63,7.63,7.63,7.63,10,1370390400
"2013-06-10","HAI",7.88,7.88,7.88,7.88,10,1370822400
"2013-06-11","HAI",7.56,7.56,7.56,7.56,300,1370908800
"2013-06-12","HAI",7.38,7.38,7.38,7.38,2030,1370995200
"2013-06-13","HAI",7.38,7.38,7.38,7.38,780,1371081600
"2013-06-19","HAI",7.38,7.38,7.38,7.38,3010,1371600000
"2013-06-20","HAI",7.38,7.38,7.38,7.38,3290,1371686400
"2013-06-24","HAI",7.38,7.38,7.38,7.38,3200,1372032000
"2013-06-25","HAI",7.38,7.74,7.38,7.74,2010,1372118400
"2013-06-27","HAI",7.38,7.38,7.38,7.38,370,1372291200
"2013-06-28","HAI",7.38,7.38,7.38,7.38,1000,1372377600
"2013-07-01","HAI",7.56,7.56,7.38,7.38,5680,1372636800
"2013-07-02","HAI",7.38,7.56,7.38,7.56,4500,1372723200
"2013-07-03","HAI",7.48,7.7,7.38,7.7,4610,1372809600
"2013-07-04","HAI",7.41,7.56,7.41,7.56,1430,1372896000
"2013-07-05","HAI",7.56,7.56,7.56,7.56,3100,1372982400
"2013-07-08","HAI",7.48,7.7,7.48,7.7,1280,1373241600
"2013-07-09","HAI",7.56,7.56,7.56,7.56,10,1373328000
"2013-07-11","HAI",7.56,7.56,7.56,7.56,1710,1373500800
"2013-07-12","HAI",7.56,7.74,7.56,7.74,1020,1373587200
"2013-07-15","HAI",7.74,7.74,7.63,7.63,250,1373846400
"2013-07-16","HAI",7.59,7.59,7.59,7.59,2000,1373932800
"2013-07-18","HAI",7.56,7.56,7.56,7.56,250,1374105600
"2013-07-19","HAI",7.56,7.56,7.56,7.56,5440,1374192000
"2013-07-23","HAI",7.56,7.56,7.56,7.56,480,1374537600
"2013-07-24","HAI",7.59,7.59,7.59,7.59,130,1374624000
"2013-07-25","HAI",7.92,7.92,7.63,7.63,1730,1374710400
"2013-07-29","HAI",7.63,7.63,7.63,7.63,4000,1375056000
"2013-07-30","HAI",7.63,7.63,7.63,7.63,1820,1375142400
"2013-08-01","HAI",7.59,7.59,7.59,7.59,900,1375315200
"2013-08-02","HAI",7.59,7.59,7.59,7.59,360,1375401600
"2013-08-05","HAI",7.59,7.59,7.59,7.59,1000,1375660800
"2013-08-07","HAI",7.59,7.59,7.59,7.59,1770,1375833600
"2013-08-08","HAI",7.63,7.63,7.63,7.63,30,1375920000
"2013-08-15","HAI",7.56,7.74,7.56,7.63,3150,1376524800
"2013-08-20","HAI",7.56,7.63,7.56,7.63,2100,1376956800
"2013-08-21","HAI",7.63,7.63,7.63,7.63,2000,1377043200
"2013-08-22","HAI",7.63,7.63,7.63,7.63,1480,1377129600
"2013-08-23","HAI",7.63,7.63,7.63,7.63,540,1377216000
"2013-08-27","HAI",7.63,7.63,7.63,7.63,2000,1377561600
"2013-08-28","HAI",7.59,7.59,7.59,7.59,10,1377648000
"2013-08-30","HAI",7.59,7.59,7.59,7.59,20,1377820800
"2013-09-05","HAI",7.59,7.77,7.59,7.77,560,1378339200
"2013-09-06","HAI",7.92,7.92,7.92,7.92,10,1378425600
"2013-09-10","HAI",7.88,8.46,7.88,8.46,1010,1378771200
"2013-09-11","HAI",7.95,8.2,7.95,8.2,1290,1378857600
"2013-09-12","HAI",7.66,8.49,7.66,8.49,1250,1378944000
"2013-09-13","HAI",9.07,9.07,8.96,9.07,810,1379030400
"2013-09-16","HAI",8.46,9.18,8.46,9.18,90,1379289600
"2013-09-17","HAI",8.64,9.07,8.56,9.07,270,1379376000
"2013-09-19","HAI",8.46,8.46,8.46,8.46,110,1379548800
"2013-09-20","HAI",7.88,8.35,7.88,7.92,970,1379635200
"2013-09-24","HAI",7.92,7.92,7.92,7.92,10,1379980800
"2013-10-01","HAI",7.56,7.59,7.56,7.59,1810,1380585600
"2013-10-04","HAI",7.63,7.63,7.56,7.56,2700,1380844800
"2013-10-07","HAI",7.56,7.56,7.56,7.56,5500,1381104000
"2013-10-16","HAI",7.56,7.56,7.56,7.56,120,1381881600
"2013-10-17","HAI",7.56,7.56,7.56,7.56,10,1381968000
"2013-10-24","HAI",7.63,7.63,7.63,7.63,140,1382572800
"2013-10-28","HAI",7.99,7.99,7.99,7.99,20,1382918400
"2013-10-31","HAI",7.81,7.81,7.81,7.81,100,1383177600
"2013-11-12","HAI",7.56,7.56,7.56,7.56,950,1384214400
"2013-11-14","HAI",7.92,7.92,7.92,7.92,2000,1384387200
"2013-11-15","HAI",7.56,7.56,7.56,7.56,1440,1384473600
"2013-11-18","HAI",7.66,7.66,7.66,7.66,20,1384732800
"2013-11-21","HAI",7.92,7.92,7.92,7.92,1180,1384992000
"2013-11-22","HAI",7.95,7.95,7.92,7.92,550,1385078400
"2013-11-25","HAI",7.99,7.99,7.92,7.92,200,1385337600
"2013-11-26","HAI",7.92,8.28,7.88,8.28,2230,1385424000
"2013-11-27","HAI",7.92,8.1,7.92,8.1,1010,1385510400
"2013-11-28","HAI",8.42,8.42,8.1,8.1,30,1385596800
"2013-11-29","HAI",8.1,8.1,8.06,8.06,260,1385683200
"2013-12-02","HAI",8.25,8.36,8.02,8.36,330,1385942400
"2013-12-04","HAI",7.91,8.29,7.87,7.87,10810,1386115200
"2013-12-05","HAI",7.87,7.87,7.87,7.87,560,1386201600
"2013-12-06","HAI",8.21,8.21,7.72,7.72,1020,1386288000
"2013-12-09","HAI",7.53,7.87,7.53,7.87,1010,1386547200
"2013-12-10","HAI",7.83,7.83,7.83,7.83,10,1386633600
"2013-12-11","HAI",7.8,7.8,7.8,7.8,10,1386720000
"2013-12-12","HAI",8.21,8.21,7.83,8.1,60,1386806400
"2013-12-13","HAI",7.53,8.36,7.53,8.36,1080,1386892800
"2013-12-17","HAI",7.95,7.95,7.95,7.95,40,1387238400
"2013-12-19","HAI",7.95,7.95,7.95,7.95,360,1387411200
"2013-12-20","HAI",7.95,7.95,7.95,7.95,640,1387497600
"2013-12-23","HAI",8.29,8.29,7.91,7.91,20,1387756800
"2013-12-24","HAI",8.25,8.25,8.25,8.25,10,1387843200
"2013-12-26","HAI",7.8,8.25,7.8,8.25,90,1388016000
"2013-12-27","HAI",8.25,8.25,8.25,8.25,5550,1388102400
"2013-12-30","HAI",8.47,8.47,8.47,8.47,30,1388361600
"2014-01-02","HAI",8.1,8.1,8.1,8.1,350,1388620800
"2014-01-03","HAI",7.95,8.44,7.95,8.44,50,1388707200
"2014-01-06","HAI",8.89,8.89,8.89,8.89,2000,1388966400
"2014-01-07","HAI",8.66,8.66,8.29,8.29,1810,1389052800
"2014-01-08","HAI",8.47,8.66,8.47,8.47,27560,1389139200
"2014-01-09","HAI",8.47,8.47,8.47,8.47,630,1389225600
"2014-01-10","HAI",8.66,8.66,8.66,8.66,1000,1389312000
"2014-01-14","HAI",8.13,8.4,8.13,8.4,150,1389657600
"2014-01-15","HAI",8.13,8.13,8.13,8.13,40,1389744000
"2014-01-17","HAI",8.66,8.66,8.66,8.66,500,1389916800
"2014-01-20","HAI",8.66,8.66,8.66,8.66,360,1390176000
"2014-01-21","HAI",8.29,8.66,8.29,8.66,470,1390262400
"2014-01-23","HAI",8.32,8.32,8.32,8.32,10,1390435200
"2014-01-27","HAI",8.36,8.36,8.36,8.36,200,1390780800
"2014-02-06","HAI",8.36,8.36,7.95,7.95,450,1391644800
"2014-02-07","HAI",8.29,8.29,8.02,8.02,1400,1391731200
"2014-02-10","HAI",8.1,8.1,8.02,8.02,6000,1391990400
"2014-02-11","HAI",7.95,8.1,7.95,8.1,270,1392076800
"2014-02-12","HAI",8.21,8.29,8.21,8.29,1020,1392163200
"2014-02-13","HAI",8.47,8.47,8.47,8.47,10,1392249600
"2014-02-14","HAI",8.02,8.47,8.02,8.47,160,1392336000
"2014-02-17","HAI",8.1,8.29,7.95,8.13,1570,1392595200
"2014-02-18","HAI",8.13,8.13,8.13,8.13,30,1392681600
"2014-02-19","HAI",8.17,8.66,8.17,8.66,1360,1392768000
"2014-02-20","HAI",8.74,8.74,8.74,8.74,10,1392854400
"2014-02-21","HAI",8.29,8.29,8.29,8.29,500,1392940800
"2014-02-25","HAI",8.66,8.66,8.29,8.47,220,1393286400
"2014-02-26","HAI",7.95,8.02,7.95,7.98,1200,1393372800
"2014-02-28","HAI",8.1,8.1,8.1,8.1,490,1393545600
"2014-03-03","HAI",8.17,8.17,8.06,8.06,530,1393804800
"2014-03-05","HAI",7.91,8.02,7.76,7.76,5100,1393977600
"2014-03-06","HAI",7.83,8.29,7.83,8.29,1180,1394064000
"2014-03-10","HAI",8.29,8.29,8.29,8.29,20,1394409600
"2014-03-12","HAI",8.1,8.81,8.1,8.81,2440,1394582400
"2014-03-13","HAI",8.66,8.66,8.29,8.29,6610,1394668800
"2014-03-14","HAI",8.66,8.81,8.51,8.7,3290,1394755200
"2014-03-17","HAI",8.66,8.66,8.29,8.66,1010,1395014400
"2014-03-18","HAI",8.66,8.74,8.29,8.74,1040,1395100800
"2014-03-19","HAI",8.32,8.74,8.32,8.74,2610,1395187200
"2014-03-20","HAI",8.32,8.62,8.32,8.62,1200,1395273600
"2014-03-21","HAI",8.59,8.7,8.59,8.7,180,1395360000
"2014-03-24","HAI",8.66,8.66,8.17,8.66,6320,1395619200
"2014-03-25","HAI",8.62,8.62,8.4,8.4,1900,1395705600
"2014-03-26","HAI",8.48,8.48,8.44,8.44,510,1395792000
"2014-03-27","HAI",8.36,8.67,8.36,8.67,1030,1395878400
"2014-03-28","HAI",8.67,8.67,8.67,8.67,20,1395964800
"2014-03-31","HAI",8.63,8.67,8.63,8.67,660,1396224000
"2014-04-01","HAI",8.67,8.67,8.67,8.67,20,1396310400
"2014-04-02","HAI",8.48,8.48,8.48,8.48,790,1396396800
"2014-04-03","HAI",8.67,8.87,8.67,8.67,650,1396483200
"2014-04-11","HAI",8.28,8.67,8.28,8.36,7000,1397174400
"2014-04-14","HAI",8.48,8.48,8.48,8.48,120,1397433600
"2014-04-15","HAI",8.48,8.67,8.48,8.67,3210,1397520000
"2014-04-16","HAI",8.48,8.48,8.48,8.48,600,1397606400
"2014-04-17","HAI",8.67,8.67,8.67,8.67,1000,1397692800
"2014-04-18","HAI",8.67,8.67,8.67,8.67,1000,1397779200
"2014-04-22","HAI",8.67,8.67,8.67,8.67,330,1398124800
"2014-04-23","HAI",8.75,8.75,8.75,8.75,1050,1398211200
"2014-04-24","HAI",8.67,8.67,8.67,8.67,320,1398297600
"2014-04-25","HAI",8.71,8.71,8.71,8.71,80,1398384000
"2014-04-28","HAI",8.71,8.71,8.71,8.71,720,1398643200
"2014-05-05","HAI",8.71,8.71,8.71,8.71,820,1399248000
"2014-05-06","HAI",8.28,8.67,8.28,8.67,1600,1399334400
"2014-05-08","HAI",8.28,9.27,8.28,9.27,2040,1399507200
"2014-05-09","HAI",8.67,8.67,8.67,8.67,1200,1399593600
"2014-05-14","HAI",9.07,9.07,9.07,9.07,1520,1400025600
"2014-05-16","HAI",8.67,8.67,8.67,8.67,10,1400198400
"2014-05-19","HAI",8.28,8.28,8.28,8.28,210,1400457600
"2014-05-20","HAI",8.36,8.36,8.36,8.36,60,1400544000
"2014-05-21","HAI",8.48,8.48,8.48,8.48,500,1400630400
"2014-05-22","HAI",8.4,8.4,8.28,8.36,720,1400716800
"2014-05-23","HAI",8.56,8.56,8.56,8.56,10,1400803200
"2014-05-26","HAI",8.67,8.67,8.67,8.67,90,1401062400
"2014-05-28","HAI",8.67,8.67,8.67,8.67,40,1401235200
"2014-05-29","HAI",8.83,8.83,8.83,8.83,10,1401321600
"2014-05-30","HAI",8.87,9.15,8.87,9.07,4140,1401408000
"2014-06-02","HAI",8.87,8.87,8.87,8.87,40,1401667200
"2014-06-03","HAI",9.07,9.07,9.07,9.07,980,1401753600
"2014-06-04","HAI",9.07,9.66,9.07,9.66,2940,1401840000
"2014-06-09","HAI",8.99,8.99,8.99,8.99,10000,1402272000
"2014-06-23","HAI",8.44,9.07,8.44,8.99,6030,1403481600
"2014-06-25","HAI",8.99,8.99,8.99,8.99,3000,1403654400
"2014-06-26","HAI",8.99,8.99,8.99,8.99,1960,1403740800
"2014-06-27","HAI",9.54,9.54,9.54,9.54,10,1403827200
"2014-06-30","HAI",9.46,9.46,9.46,9.46,10,1404086400
"2014-07-03","HAI",8.83,8.83,8.83,8.83,10,1404345600
"2014-07-09","HAI",9.27,9.27,8.32,8.32,460,1404864000
"2014-07-10","HAI",8.48,8.56,8.48,8.56,630,1404950400
"2014-07-14","HAI",8.6,8.6,8.6,8.6,10,1405296000
"2014-07-17","HAI",8.28,8.52,8.28,8.52,20,1405555200
"2014-07-18","HAI",9.03,9.07,8.87,8.87,2530,1405641600
"2014-07-21","HAI",8.28,8.28,8.28,8.28,10,1405900800
"2014-07-23","HAI",8.83,8.83,8.83,8.83,10,1406073600
"2014-07-24","HAI",8.28,8.28,8.28,8.28,10,1406160000
"2014-07-25","HAI",8.83,8.83,8.83,8.83,20,1406246400
"2014-07-28","HAI",8.24,9.03,8.24,8.24,100,1406505600
"2014-07-29","HAI",8.79,8.79,7.69,7.69,30,1406592000
"2014-07-30","HAI",8.2,8.2,7.89,7.89,1030,1406678400
"2014-07-31","HAI",8.28,8.32,7.96,7.96,1380,1406764800
"2014-08-04","HAI",7.89,7.89,7.89,7.89,40,1407110400
"2014-08-05","HAI",8.08,8.08,7.92,7.92,330,1407196800
"2014-08-06","HAI",7.92,8.48,7.89,7.89,3210,1407283200
"2014-08-07","HAI",7.89,7.89,7.89,7.89,150,1407369600
"2014-08-08","HAI",8.04,8.12,7.92,7.92,50,1407456000
"2014-08-11","HAI",7.92,7.92,7.92,7.92,40,1407715200
"2014-08-12","HAI",8.12,8.12,8.12,8.12,10,1407801600
"2014-08-13","HAI",7.77,7.77,7.77,7.77,10,1407888000
"2014-08-14","HAI",7.77,7.77,7.77,7.77,10,1407974400
"2014-08-15","HAI",7.77,7.77,7.77,7.77,30,1408060800
"2014-08-18","HAI",8.24,8.28,7.89,7.89,160,1408320000
"2014-08-19","HAI",8.28,8.28,8.28,8.28,80,1408406400
"2014-08-20","HAI",8.32,8.32,7.81,7.81,160,1408492800
"2014-08-21","HAI",8.32,8.32,8,8,150,1408579200
"2014-08-22","HAI",8,8,8,8,10,1408665600
"2014-08-25","HAI",8.2,8.2,7.96,7.96,70,1408924800
"2014-08-26","HAI",8.48,8.52,8.48,8.48,520,1409011200
"2014-08-27","HAI",8.48,8.67,8.48,8.48,3860,1409097600
"2014-08-28","HAI",8.67,9.07,8.48,8.48,3020,1409184000
"2014-08-29","HAI",8.52,8.52,8.52,8.52,50,1409270400
"2014-09-03","HAI",8.52,8.52,8.48,8.48,270,1409702400
"2014-09-04","HAI",8.67,8.67,8.48,8.48,3720,1409788800
"2014-09-05","HAI",8.48,9.07,8.48,9.07,2860,1409875200
"2014-09-08","HAI",9.7,9.7,9.7,9.7,5320,1410134400
"2014-09-09","HAI",10.37,10.37,10.37,10.37,71010,1410220800
"2014-09-10","HAI",11.08,11.08,11.08,11.08,22390,1410307200
"2014-09-11","HAI",11.83,11.83,11.83,11.83,27440,1410393600
"2014-09-12","HAI",12.62,12.66,12.62,12.66,57040,1410480000
"2014-09-15","HAI",13.52,13.52,13.4,13.52,288420,1410739200
"2014-09-16","HAI",14.47,14.47,14.19,14.47,203380,1410825600
"2014-09-17","HAI",15.46,15.46,15.42,15.46,158790,1410912000
"2014-09-18","HAI",16.52,16.52,14.59,14.59,74930,1410998400
"2014-09-19","HAI",14.59,15.57,14.51,14.75,300280,1411084800
"2014-09-22","HAI",14.59,14.79,13.76,13.76,46170,1411344000
"2014-09-23","HAI",13.4,14.71,13.4,14.71,443970,1411430400
"2014-09-24","HAI",15.73,15.73,15.38,15.73,514060,1411516800
"2014-09-25","HAI",16.56,16.8,16.56,16.8,396860,1411603200
"2014-09-26","HAI",17.94,17.94,17.7,17.7,379240,1411689600
"2014-09-29","HAI",17.7,18.22,17.15,17.15,585340,1411948800
"2014-09-30","HAI",16.8,17.35,16.36,16.91,155370,1412035200
"2014-10-01","HAI",16.24,16.91,15.85,15.89,281700,1412121600
"2014-10-02","HAI",16.16,16.99,15.77,16.99,326940,1412208000
"2014-10-03","HAI",16.95,18.18,16.88,18.18,744940,1412294400
"2014-10-06","HAI",18.18,19.44,18.1,19.44,447570,1412553600
"2014-10-07","HAI",19.44,20.7,18.1,20.7,1126440,1412640000
"2014-10-08","HAI",20.7,21.68,19.71,21.68,370320,1412726400
"2014-10-09","HAI",20.9,23.07,20.9,23.07,490380,1412812800
"2014-10-10","HAI",22.47,22.67,21.88,21.88,168140,1412899200
"2014-10-13","HAI",21.88,22.08,21.49,21.88,225360,1413158400
"2014-10-14","HAI",20.9,22.47,20.9,21.88,306790,1413244800
"2014-10-15","HAI",22.08,22.28,20.5,21.88,539660,1413331200
"2014-10-16","HAI",21.88,21.88,20.5,20.7,283140,1413417600
"2014-10-17","HAI",20.7,21.29,19.28,21.09,474850,1413504000
"2014-10-20","HAI",20.9,21.29,19.64,21.09,414790,1413763200
"2014-10-21","HAI",20.5,21.49,19.91,21.29,392550,1413849600
"2014-10-22","HAI",21.09,21.29,19.91,20.9,398950,1413936000
"2014-10-23","HAI",20.7,20.7,19.44,19.52,511800,1414022400
"2014-10-24","HAI",19.52,19.52,18.53,19.36,111790,1414108800
"2014-10-27","HAI",19.36,19.36,18.02,18.02,244230,1414368000
"2014-10-28","HAI",17.98,18.1,17.74,17.98,196670,1414454400
"2014-10-29","HAI",17.98,18.25,17.98,18.14,196550,1414540800
"2014-10-30","HAI",18.14,18.14,17.15,17.94,210440,1414627200
"2014-10-31","HAI",17.9,17.9,17.15,17.59,217530,1414713600
"2014-11-03","HAI",17.59,17.66,17.47,17.62,273470,1414972800
"2014-11-04","HAI",17.62,17.62,17.15,17.35,311130,1415059200
"2014-11-05","HAI",17.35,17.35,16.16,16.4,494630,1415145600
"2014-11-06","HAI",16.32,16.44,15.93,16.36,229340,1415232000
"2014-11-07","HAI",16.36,17.51,16.09,17.47,460650,1415318400
"2014-11-10","HAI",17.55,18.53,17.55,18.37,857340,1415577600
"2014-11-11","HAI",18.45,18.45,18.22,18.37,166890,1415664000
"2014-11-12","HAI",18.37,18.45,18.14,18.29,254990,1415750400
"2014-11-13","HAI",18.22,18.29,17.98,18.14,322160,1415836800
"2014-11-14","HAI",18.06,18.14,17.66,17.94,180400,1415923200
"2014-11-17","HAI",18.06,19.16,18.06,19.16,948270,1416182400
"2014-11-18","HAI",19.28,19.4,18.77,19.04,372530,1416268800
"2014-11-19","HAI",18.93,18.93,17.74,17.74,819160,1416355200
"2014-11-20","HAI",17.35,17.74,16.52,17.74,680970,1416441600
"2014-11-21","HAI",17.43,17.47,16.52,17.35,530140,1416528000
"2014-11-24","HAI",17.15,17.15,16.16,16.16,486490,1416787200
"2014-11-25","HAI",16.16,16.91,15.97,15.97,299170,1416873600
"2014-11-26","HAI",17.03,17.03,16.95,17.03,1148660,1416960000
"2014-11-27","HAI",17.03,17.19,15.85,16.01,505600,1417046400
"2014-11-28","HAI",16.01,16.48,15.61,16.01,153340,1417132800
"2014-12-01","HAI",15.93,15.93,15.14,15.14,323490,1417392000
"2014-12-02","HAI",15.06,15.3,14.51,14.98,157560,1417478400
"2014-12-03","HAI",15.22,15.61,15.06,15.53,193070,1417564800
"2014-12-04","HAI",15.53,15.53,14.51,14.82,470530,1417651200
"2014-12-05","HAI",14.75,14.82,13.8,13.96,769930,1417737600
"2014-12-08","HAI",13.56,14.12,13.56,14.04,136610,1417996800
"2014-12-09","HAI",13.88,13.88,13.09,13.09,415480,1418083200
"2014-12-10","HAI",12.93,13.96,12.54,13.96,387380,1418169600
"2014-12-11","HAI",13.09,14.12,13.09,13.48,94980,1418256000
"2014-12-12","HAI",13.48,14.27,13.48,14.04,323640,1418342400
"2014-12-15","HAI",13.96,14.19,13.8,13.8,55440,1418601600
"2014-12-16","HAI",13.72,14.04,13.4,13.56,64040,1418688000
"2014-12-17","HAI",13.64,13.64,12.62,12.62,252150,1418774400
"2014-12-18","HAI",12.93,13.48,12.85,13.48,224560,1418860800
"2014-12-19","HAI",13.4,13.8,12.62,12.62,773790,1418947200
"2014-12-22","HAI",12.62,12.85,12.62,12.62,53890,1419206400
"2014-12-23","HAI",12.7,12.85,12.38,12.38,49860,1419292800
"2014-12-24","HAI",12.62,12.62,12.06,12.06,35320,1419379200
"2014-12-25","HAI",12.14,12.3,11.59,11.59,55120,1419465600
"2014-12-26","HAI",11.59,11.59,10.88,10.88,113570,1419552000
"2014-12-29","HAI",10.72,11.12,10.17,10.33,137250,1419811200
"2014-12-30","HAI",10.33,11.04,10.33,11.04,62210,1419897600
"2014-12-31","HAI",11.36,11.75,11.36,11.75,235700,1419984000
"2015-01-05","HAI",12.38,12.54,12.38,12.54,375900,1420416000
"2015-01-06","HAI",12.06,13.17,12.06,12.93,107240,1420502400
"2015-01-07","HAI",13.09,13.8,12.93,13.72,584600,1420588800
"2015-01-08","HAI",13.72,13.88,13.17,13.17,242140,1420675200
"2015-01-09","HAI",13.01,13.8,13.01,13.4,738530,1420761600
"2015-01-12","HAI",13.17,13.48,12.54,12.54,1084010,1421020800
"2015-01-13","HAI",11.67,11.99,11.67,11.99,2906530,1421107200
"2015-01-14","HAI",11.99,11.99,11.2,11.67,2792420,1421193600
"2015-01-15","HAI",11.2,11.67,10.88,11.67,6874860,1421280000
"2015-01-16","HAI",12.44,12.44,12.35,12.44,2706040,1421366400
"2015-01-19","HAI",12.52,12.61,12,12.09,1508350,1421625600
"2015-01-20","HAI",12,12,11.48,11.74,1881780,1421712000
"2015-01-21","HAI",11.83,11.83,11.39,11.48,1042040,1421798400
"2015-01-22","HAI",11.39,12.09,11.3,11.83,1164400,1421884800
"2015-01-23","HAI",11.83,12.61,11.74,12.61,4069730,1421971200
"2015-01-26","HAI",13.04,13.48,12.87,13.48,3528800,1422230400
"2015-01-27","HAI",13.48,14.35,13.3,14.09,4535150,1422316800
"2015-01-28","HAI",13.65,14,13.13,14,6162340,1422403200
"2015-01-29","HAI",13.91,13.91,13.04,13.04,3711980,1422489600
"2015-01-30","HAI",13.04,13.39,12.78,13.22,2437190,1422576000
"2015-02-02","HAI",13.22,13.22,12.61,13.04,1741270,1422835200
"2015-02-03","HAI",13.22,13.22,12.7,12.96,2825500,1422921600
"2015-02-04","HAI",12.7,12.7,12.26,12.61,1277640,1423008000
"2015-02-05","HAI",12.44,13.48,12.44,13.48,5688860,1423094400
"2015-02-06","HAI",13.74,14,13.48,13.57,2754730,1423180800
"2015-02-09","HAI",13.57,13.74,13.04,13.22,1994940,1423440000
"2015-02-10","HAI",13.3,13.48,13.22,13.48,2345140,1423526400
"2015-02-11","HAI",13.48,13.65,13.3,13.65,1820530,1423612800
"2015-02-12","HAI",13.65,13.91,13.65,13.74,1893400,1423699200
"2015-02-13","HAI",13.74,14,13.48,13.91,5130560,1423785600
"2015-02-24","HAI",13.91,14.09,13.83,14,2773650,1424736000
"2015-02-25","HAI",14,14.78,13.83,14.78,5731100,1424822400
"2015-02-26","HAI",14.44,15.74,14.35,15.74,3404710,1424908800
"2015-02-27","HAI",15.74,16.09,15.74,16,1815290,1424995200
"2015-03-02","HAI",16,16,14.96,14.96,4353930,1425254400
"2015-03-03","HAI",14.7,14.87,13.91,14.09,6882520,1425340800
"2015-03-04","HAI",14.17,14.52,13.13,13.83,11767380,1425427200
"2015-03-05","HAI",13.83,13.91,12.87,13.57,9328520,1425513600
"2015-03-06","HAI",13.39,14.44,12.7,14.44,6317940,1425600000
"2015-03-09","HAI",13.57,13.74,13.48,13.48,4063060,1425859200
"2015-03-10","HAI",12.61,13.04,12.61,12.7,3124410,1425945600
"2015-03-11","HAI",12.78,13.3,12.78,12.87,3562110,1426032000
"2015-03-12","HAI",12.87,12.87,12.35,12.61,1590820,1426118400
"2015-03-13","HAI",12.7,12.87,12.44,12.44,1285300,1426204800
"2015-03-16","HAI",12.44,12.7,12.35,12.35,1757890,1426464000
"2015-03-17","HAI",12.44,12.7,12.35,12.44,1765790,1426550400
"2015-03-18","HAI",12.52,12.61,12.17,12.26,1184260,1426636800
"2015-03-19","HAI",12.35,12.35,11.83,11.83,2390410,1426723200
"2015-03-20","HAI",11.83,12.61,11.74,12.61,3968170,1426809600
"2015-03-23","HAI",12.61,12.78,12.09,12.09,1340490,1427068800
"2015-03-24","HAI",12.09,12.35,11.91,12.35,2352190,1427155200
"2015-03-25","HAI",12.17,12.44,11.91,12.17,4500690,1427241600
"2015-03-26","HAI",11.65,11.83,11.39,11.39,12969680,1427328000
"2015-03-27","HAI",11.39,11.48,10.61,10.96,12169200,1427414400
"2015-03-30","HAI",11.04,11.22,10.61,10.87,6801960,1427673600
"2015-03-31","HAI",10.78,10.96,10.52,10.52,5548870,1427760000
"2015-04-01","HAI",10.52,10.7,9.83,9.83,9186340,1427846400
"2015-04-02","HAI",9.83,10.09,9.22,9.83,9209970,1427932800
"2015-04-03","HAI",9.83,9.83,9.39,9.57,3934590,1428019200
"2015-04-06","HAI",9.57,9.65,9.04,9.04,3958260,1428278400
"2015-04-07","HAI",9.04,9.65,9.04,9.65,6006670,1428364800
"2015-04-08","HAI",9.91,10.26,9.65,9.91,6656390,1428451200
"2015-04-09","HAI",9.74,10,9.65,9.74,2017300,1428537600
"2015-04-10","HAI",9.74,10.26,9.74,9.83,6302570,1428624000
"2015-04-13","HAI",9.83,10.09,9.48,9.57,3675530,1428883200
"2015-04-14","HAI",9.65,9.83,9.39,9.57,2590760,1428969600
"2015-04-15","HAI",9.57,9.74,9.3,9.39,2947890,1429056000
"2015-04-16","HAI",9.57,9.65,9.39,9.39,2436630,1429142400
"2015-04-17","HAI",9.48,9.91,9.39,9.74,5536540,1429228800
"2015-04-20","HAI",9.74,9.83,9.57,9.57,2330610,1429488000
"2015-04-21","HAI",9.65,9.74,9.57,9.57,1920640,1429574400
"2015-04-22","HAI",9.57,9.65,9.3,9.3,4433890,1429660800
"2015-04-23","HAI",9.39,9.39,9.04,9.04,2950290,1429747200
"2015-04-24","HAI",9.13,9.3,9.04,9.04,2573550,1429833600
"2015-04-27","HAI",9.13,9.22,8.78,9.04,1948470,1430092800
"2015-05-04","HAI",8.96,9.04,8.44,8.44,3105410,1430697600
"2015-05-05","HAI",8.26,8.61,7.91,8.44,6255730,1430784000
"2015-05-06","HAI",8.26,8.44,7.91,7.91,3512140,1430870400
"2015-05-07","HAI",7.65,7.91,7.48,7.57,3309190,1430956800
"2015-05-08","HAI",7.57,8.09,7.57,8.09,3815650,1431043200
"2015-05-11","HAI",8.26,8.35,7.83,7.83,4032760,1431302400
"2015-05-12","HAI",7.83,7.91,7.57,7.74,2260870,1431388800
"2015-05-13","HAI",7.74,8,7.57,7.91,3386550,1431475200
"2015-05-14","HAI",7.83,7.91,7.65,7.65,3738960,1431561600
"2015-05-15","HAI",7.65,7.74,7.39,7.39,2177410,1431648000
"2015-05-18","HAI",7.3,7.39,6.96,6.96,4218910,1431907200
"2015-05-19","HAI",6.96,7.3,6.87,7.13,4185630,1431993600
"2015-05-20","HAI",7.22,7.57,7.13,7.57,3553220,1432080000
"2015-05-21","HAI",7.65,8,7.57,7.83,4841440,1432166400
"2015-05-22","HAI",7.83,8,7.65,7.83,4027140,1432252800
"2015-05-25","HAI",7.91,8.26,7.74,8.09,4078440,1432512000
"2015-05-26","HAI",8.17,8.26,7.91,7.91,3975860,1432598400
"2015-05-27","HAI",7.83,8,7.83,7.91,3264400,1432684800
"2015-05-28","HAI",7.83,8.17,7.83,8,3601130,1432771200
"2015-05-29","HAI",8,8.09,7.83,7.83,2903570,1432857600
"2015-06-01","HAI",7.83,8.35,7.74,8.35,7001110,1433116800
"2015-06-02","HAI",8.44,8.78,8.44,8.52,6276650,1433203200
"2015-06-03","HAI",8.44,8.52,8.26,8.26,1880640,1433289600
"2015-06-04","HAI",8.26,8.7,8.26,8.35,4822630,1433376000
"2015-06-05","HAI",8.44,8.7,8.17,8.7,8167610,1433462400
"2015-06-08","HAI",8.78,8.96,8.7,8.7,3863160,1433721600
"2015-06-09","HAI",8.61,8.78,8.35,8.35,5159800,1433808000
"2015-06-10","HAI",8.44,8.52,8.26,8.44,4782970,1433894400
"2015-06-11","HAI",8.52,8.61,8.44,8.44,2989080,1433980800
"2015-06-12","HAI",8.44,8.61,8.26,8.44,2764130,1434067200
"2015-06-15","HAI",8.52,8.7,8.35,8.7,3792330,1434326400
"2015-06-16","HAI",8.7,8.78,8.35,8.35,4487100,1434412800
"2015-06-17","HAI",8.35,8.44,8.17,8.17,3634500,1434499200
"2015-06-18","HAI",8.26,8.35,8.09,8.09,2258310,1434585600
"2015-06-19","HAI",8.17,8.35,8,8,2516810,1434672000
"2015-06-22","HAI",8,8.09,7.83,7.83,1705430,1434931200
"2015-06-23","HAI",7.83,8,7.83,7.83,1282850,1435017600
"2015-06-24","HAI",7.91,8,7.83,7.83,1342490,1435104000
"2015-06-25","HAI",7.83,7.91,7.65,7.65,1053420,1435190400
"2015-06-26","HAI",7.74,7.91,7.57,7.83,2378800,1435276800
"2015-06-29","HAI",7.74,7.83,7.65,7.65,665860,1435536000
"2015-06-30","HAI",7.65,8.17,7.57,8.17,5551630,1435622400
"2015-07-01","HAI",8.09,8.17,7.83,8.17,4575390,1435708800
"2015-07-02","HAI",8.09,8.17,7.91,8.17,2011140,1435795200
"2015-07-03","HAI",8.17,8.7,8,8.7,11563270,1435881600
"2015-07-06","HAI",8.7,8.96,8.52,8.7,4091220,1436140800
"2015-07-07","HAI",8.7,9.3,8.7,9.3,9114150,1436227200
"2015-07-08","HAI",9.3,9.91,8.87,9.91,14226570,1436313600
"2015-07-09","HAI",9.57,9.91,9.3,9.39,9262830,1436400000
"2015-07-10","HAI",9.22,9.39,8.78,8.78,9268800,1436486400
"2015-07-13","HAI",8.7,8.87,8.52,8.78,3165420,1436745600
"2015-07-14","HAI",8.78,9.13,8.78,8.78,6493740,1436832000
"2015-07-15","HAI",8.78,9.04,8.7,8.87,6964590,1436918400
"2015-07-16","HAI",8.78,8.87,8.61,8.7,2362880,1437004800
"2015-07-17","HAI",8.78,8.87,8.7,8.7,2471100,1437091200
"2015-07-20","HAI",8.52,8.61,8.17,8.44,3212890,1437350400
"2015-07-21","HAI",8.61,8.7,8.35,8.44,3036560,1437436800
"2015-07-22","HAI",8.44,8.52,8.35,8.35,1777600,1437523200
"2015-07-23","HAI",8.44,8.52,8.17,8.17,1276880,1437609600
"2015-07-24","HAI",8.17,8.26,8,8,2036890,1437696000
"2015-07-27","HAI",8,8.17,7.91,8,1328760,1437955200
"2015-07-28","HAI",8,8.09,7.83,7.83,1590610,1438041600
"2015-07-29","HAI",7.83,8.17,7.74,8.17,2917380,1438128000
"2015-07-30","HAI",8.4,8.7,8.3,8.6,6561070,1438214400
"2015-07-31","HAI",8.6,8.7,8.4,8.4,788960,1438300800
"2015-08-03","HAI",8.3,8.3,7.9,7.9,3857330,1438560000
"2015-08-04","HAI",7.9,8,7.7,7.7,970700,1438646400
"2015-08-05","HAI",7.8,8.2,7.8,8.2,2941780,1438732800
"2015-08-06","HAI",8.3,8.4,8,8,2953440,1438819200
"2015-08-07","HAI",8,8.2,8,8,1674650,1438905600
"2015-08-10","HAI",8,8.1,7.8,7.8,1137420,1439164800
"2015-08-11","HAI",7.9,8,7.8,7.8,1263170,1439251200
"2015-08-12","HAI",7.8,7.9,7.6,7.6,1475890,1439337600
"2015-08-13","HAI",7.6,7.8,7.1,7.1,6072610,1439424000
"2015-08-14","HAI",7.2,7.3,6.8,6.9,1491630,1439510400
"2015-08-17","HAI",7,7.2,6.9,7,1413660,1439769600
"2015-08-18","HAI",7.1,7.1,6.9,6.9,583260,1439856000
"2015-08-19","HAI",6.9,7,6.8,6.8,1078720,1439942400
"2015-08-20","HAI",6.8,6.9,6.4,6.5,1677870,1440028800
"2015-08-21","HAI",6.4,6.5,6.1,6.1,5232800,1440115200
"2015-08-24","HAI",5.9,6,5.7,5.7,2457560,1440374400
"2015-08-25","HAI",5.4,5.8,5.4,5.4,5719380,1440460800
"2015-08-26","HAI",5.4,5.7,5.4,5.7,6219490,1440547200
"2015-08-27","HAI",5.9,6,5.9,6,4688920,1440633600
"2015-08-28","HAI",6.2,6.4,6.1,6.4,8557540,1440720000
"2015-08-31","HAI",6.5,6.5,6,6,8474360,1440979200
"2015-09-01","HAI",6,6.2,5.9,6,2216920,1441065600
"2015-09-03","HAI",6,6.1,5.6,5.7,5583940,1441238400
"2015-09-04","HAI",5.7,5.9,5.7,5.8,1326290,1441324800
"2015-09-07","HAI",5.8,5.9,5.6,5.6,1036590,1441584000
"2015-09-08","HAI",5.6,5.9,5.6,5.9,2473730,1441670400
"2015-09-09","HAI",6,6.2,6,6,3592370,1441756800
"2015-09-10","HAI",6,6.1,5.8,5.9,1537930,1441843200
"2015-09-11","HAI",5.9,6.1,5.9,5.9,1921650,1441929600
"2015-09-14","HAI",5.9,6,5.7,5.8,1790930,1442188800
"2015-09-15","HAI",5.7,5.9,5.7,5.7,1066990,1442275200
"2015-09-16","HAI",5.8,5.9,5.7,5.8,1057110,1442361600
"2015-09-17","HAI",5.8,5.9,5.6,5.8,1332990,1442448000
"2015-09-18","HAI",5.9,6,5.8,5.9,1681080,1442534400
"2015-09-21","HAI",5.9,6,5.8,5.9,968650,1442793600
"2015-09-22","HAI",6,6.1,5.9,6,3667210,1442880000
"2015-09-23","HAI",6,6.1,5.9,5.9,894540,1442966400
"2015-09-24","HAI",6,6.3,6,6.1,3420260,1443052800
"2015-09-25","HAI",6.1,6.2,5.9,6.1,1237640,1443139200
"2015-09-28","HAI",6,6.1,5.9,5.9,1418810,1443398400
"2015-09-29","HAI",5.8,5.9,5.7,5.8,1740670,1443484800
"2015-09-30","HAI",5.8,6,5.8,5.8,1014950,1443571200
"2015-10-01","HAI",5.9,6,5.7,5.8,1373250,1443657600
"2015-10-02","HAI",5.7,5.9,5.7,5.8,368330,1443744000
"2015-10-05","HAI",5.8,5.9,5.8,5.8,839020,1444003200
"2015-10-06","HAI",5.9,6.1,5.9,6,2151150,1444089600
"2015-10-07","HAI",6,6.1,5.9,5.9,2397090,1444176000
"2015-10-08","HAI",5.9,6.2,5.9,6.1,3514900,1444262400
"2015-10-09","HAI",6.2,6.3,6.1,6.1,2571800,1444348800
"2015-10-12","HAI",6.1,6.2,6,6,1264220,1444608000
"2015-10-13","HAI",6,6.1,5.9,5.9,1188040,1444694400
"2015-10-14","HAI",5.9,6,5.9,5.9,1494820,1444780800
"2015-10-15","HAI",5.9,6,5.8,5.9,812410,1444867200
"2015-10-16","HAI",6,6.1,5.9,6,2113980,1444953600
"2015-10-19","HAI",6,6.3,6,6.1,4193510,1445212800
"2015-10-20","HAI",6.2,6.4,6.1,6.2,6037220,1445299200
"2015-10-21","HAI",6.2,6.2,6,6,957370,1445385600
"2015-10-22","HAI",6,6.2,5.9,6.1,1310710,1445472000
"2015-10-23","HAI",6.1,6.3,6,6,1724080,1445558400
"2015-10-26","HAI",6.1,6.2,5.9,6,1452060,1445817600
"2015-10-27","HAI",6,6.1,5.9,5.9,1822960,1445904000
"2015-10-28","HAI",5.9,6.1,5.9,5.9,1294380,1445990400
"2015-10-29","HAI",5.9,6.1,5.9,6.1,1016120,1446076800
"2015-10-30","HAI",6.1,6.3,6,6,3499620,1446163200
"2015-11-02","HAI",6,6.2,6,6,2056970,1446422400
"2015-11-03","HAI",6,6.1,5.9,6.1,1707160,1446508800
"2015-11-04","HAI",6.1,6.2,5.9,6,1639920,1446595200
"2015-11-05","HAI",6,6,5.8,5.9,2380600,1446681600
"2015-11-06","HAI",6,6,5.8,5.8,1335380,1446768000
"2015-11-09","HAI",5.9,6.1,5.9,5.9,2570550,1447027200
"2015-11-10","HAI",6,6.1,5.9,5.9,1682520,1447113600
"2015-11-11","HAI",5.9,6,5.8,5.9,685040,1447200000
"2015-11-12","HAI",5.9,6,5.8,5.9,1517670,1447286400
"2015-11-13","HAI",5.9,6,5.8,6,2685970,1447372800
"2015-11-16","HAI",6,6.1,5.9,6,3062810,1447632000
"2015-11-17","HAI",6,6.4,6,6.4,10557170,1447718400
"2015-11-18","HAI",6.3,6.5,6.2,6.2,3945550,1447804800
"2015-11-19","HAI",6.2,6.4,6.2,6.3,2410300,1447891200
"2015-11-20","HAI",6.2,6.3,6.1,6.1,3143310,1447977600
"2015-11-23","HAI",6.2,6.4,6.2,6.4,3898990,1448236800
"2015-11-24","HAI",6.4,6.5,6.2,6.2,2919200,1448323200
"2015-11-25","HAI",6.3,6.3,6.1,6.3,1743060,1448409600
"2015-11-26","HAI",6.3,6.7,6.2,6.4,7496990,1448496000
"2015-11-27","HAI",6.5,6.6,6.3,6.3,3168570,1448582400
"2015-11-30","HAI",6.2,6.3,6,6.1,2215350,1448841600
"2015-12-01","HAI",6.1,6.2,6,6,2110620,1448928000
"2015-12-02","HAI",6.1,6.2,5.9,6.1,2893580,1449014400
"2015-12-03","HAI",6.1,6.1,5.9,6,1641110,1449100800
"2015-12-04","HAI",6,6.1,5.9,6,967420,1449187200
"2015-12-07","HAI",6,6.1,5.9,5.9,761280,1449446400
"2015-12-08","HAI",5.9,6,5.8,5.9,1646700,1449532800
"2015-12-09","HAI",6,6,5.8,5.8,1165420,1449619200
"2015-12-10","HAI",5.8,5.9,5.5,5.5,1735550,1449705600
"2015-12-11","HAI",5.5,5.8,5.5,5.6,1887120,1449792000
"2015-12-14","HAI",5.6,5.7,5.5,5.7,939150,1450051200
"2015-12-15","HAI",5.7,5.8,5.6,5.6,1553120,1450137600
"2015-12-16","HAI",5.7,5.9,5.6,5.7,1813790,1450224000
"2015-12-17","HAI",5.8,5.9,5.7,5.7,579180,1450310400
"2015-12-18","HAI",5.8,5.8,5.6,5.6,1412130,1450396800
"2015-12-21","HAI",5.5,5.7,5.5,5.5,1005880,1450656000
"2015-12-22","HAI",5.5,5.7,5.5,5.5,1115570,1450742400
"2015-12-23","HAI",5.5,5.6,5.5,5.6,641040,1450828800
"2015-12-24","HAI",5.6,5.7,5.5,5.5,603290,1450915200
"2015-12-25","HAI",5.5,5.6,5.4,5.4,676740,1451001600
"2015-12-28","HAI",5.4,5.5,5.1,5.1,2609780,1451260800
"2015-12-29","HAI",5.1,5.2,4.9,5.2,1370960,1451347200
"2015-12-30","HAI",5.2,5.4,5.2,5.2,934000,1451433600
"2015-12-31","HAI",5.3,5.3,5.1,5.2,1447180,1451520000
"2016-01-04","HAI",5.2,5.3,5.1,5.1,1186890,1451865600
"2016-01-05","HAI",5.1,5.2,4.9,5,1037170,1451952000
"2016-01-06","HAI",5,5.2,4.9,5.1,1258690,1452038400
"2016-01-07","HAI",5.1,5.1,4.8,4.8,2506620,1452124800
"2016-01-08","HAI",4.8,4.8,4.5,4.5,2331480,1452211200
"2016-01-11","HAI",4.5,4.7,4.4,4.5,1732010,1452470400
"2016-01-12","HAI",4.5,4.8,4.5,4.8,1450080,1452556800
"2016-01-13","HAI",4.9,5,4.7,4.7,1326540,1452643200
"2016-01-14","HAI",4.7,4.8,4.5,4.6,1497440,1452729600
"2016-01-15","HAI",4.6,4.7,4.4,4.5,870460,1452816000
"2016-01-18","HAI",4.4,4.4,4.2,4.2,1757070,1453075200
"2016-01-19","HAI",4.2,4.4,4.2,4.4,1170880,1453161600
"2016-01-20","HAI",4.4,4.5,4.3,4.3,1480490,1453248000
"2016-01-21","HAI",4.3,4.4,4.1,4.2,2122540,1453334400
"2016-01-22","HAI",4.2,4.4,4.2,4.4,2003900,1453420800
"2016-01-25","HAI",4.6,4.7,4.6,4.7,973780,1453680000
"2016-01-26","HAI",4.6,4.8,4.6,4.7,1026750,1453766400
"2016-01-27","HAI",4.8,4.9,4.7,4.8,483590,1453852800
"2016-01-28","HAI",4.8,5.1,4.8,5,4648250,1453939200
"2016-01-29","HAI",5,5.2,5,5,768360,1454025600
"2016-02-01","HAI",5.1,5.2,5,5,613790,1454284800
"2016-02-02","HAI",5,5.1,4.9,4.9,1061930,1454371200
"2016-02-03","HAI",4.8,5.1,4.8,5,832750,1454457600
"2016-02-04","HAI",5.1,5.1,4.9,5,433350,1454544000
"2016-02-05","HAI",5,5.1,5,5,759600,1454630400
"2016-02-15","HAI",5,5.1,4.9,5,290530,1455494400
"2016-02-16","HAI",5.1,5.2,5,5.1,1085220,1455580800
"2016-02-17","HAI",5.2,5.3,5.1,5.1,784460,1455667200
"2016-02-18","HAI",5.2,5.4,5.1,5.2,1287410,1455753600
"2016-02-19","HAI",5.4,5.4,5.2,5.4,2158440,1455840000
"2016-02-22","HAI",5.4,5.5,5.2,5.3,1862900,1456099200
"2016-02-23","HAI",5.3,5.4,5.1,5.2,1282080,1456185600
"2016-02-24","HAI",5.2,5.3,5.1,5.2,1359380,1456272000
"2016-02-25","HAI",5.1,5.2,5,5,1399210,1456358400
"2016-02-26","HAI",5.1,5.2,5.1,5.1,844360,1456444800
"2016-02-29","HAI",5.1,5.2,5,5.1,934060,1456704000
"2016-03-01","HAI",5.1,5.2,5.1,5.1,368540,1456790400
"2016-03-02","HAI",5.1,5.3,5.1,5.2,1298420,1456876800
"2016-03-03","HAI",5.2,5.3,5.1,5.1,744490,1456963200
"2016-03-04","HAI",5.1,5.3,5.1,5.1,1238400,1457049600
"2016-03-07","HAI",5.2,5.3,5.1,5.2,1206180,1457308800
"2016-03-08","HAI",5.2,5.3,5.2,5.2,942150,1457395200
"2016-03-09","HAI",5.2,5.3,5.1,5.2,766600,1457481600
"2016-03-10","HAI",5.2,5.3,5.1,5.2,906010,1457568000
"2016-03-11","HAI",5.2,5.3,5.2,5.2,1011200,1457654400
"2016-03-14","HAI",5.3,5.3,5.2,5.2,1026430,1457913600
"2016-03-15","HAI",5.2,5.3,5.1,5.1,443470,1458000000
"2016-03-16","HAI",5.1,5.4,5.1,5.3,1642790,1458086400
"2016-03-17","HAI",5.4,5.5,5.3,5.3,1053430,1458172800
"2016-03-18","HAI",5.3,5.4,5.2,5.3,610770,1458259200
"2016-03-21","HAI",5.3,5.4,5.2,5.2,960130,1458518400
"2016-03-22","HAI",5.2,5.3,5.1,5.1,868840,1458604800
"2016-03-23","HAI",5.1,5.4,5.1,5.4,2683840,1458691200
"2016-03-24","HAI",5.6,5.7,5.5,5.7,5001850,1458777600
"2016-03-25","HAI",5.7,5.8,5.4,5.5,1439780,1458864000
"2016-03-28","HAI",5.5,5.6,5.4,5.5,928450,1459123200
"2016-03-29","HAI",5.5,5.6,5.4,5.4,1490310,1459209600
"2016-03-30","HAI",5.4,5.7,5.3,5.7,5411550,1459296000
"2016-03-31","HAI",5.8,6,5.7,6,9916110,1459382400
"2016-04-01","HAI",5.9,6,5.6,5.6,1242580,1459468800
"2016-04-04","HAI",5.6,5.9,5.6,5.8,5000540,1459728000
"2016-04-05","HAI",5.7,6.1,5.7,6,12615890,1459814400
"2016-04-06","HAI",6.1,6.1,5.6,5.8,5826800,1459900800
"2016-04-07","HAI",5.8,5.9,5.6,5.7,1798850,1459987200
"2016-04-08","HAI",5.6,6,5.6,5.7,9853100,1460073600
"2016-04-11","HAI",5.7,5.8,5.6,5.6,3075130,1460332800
"2016-04-12","HAI",5.6,5.7,5.5,5.6,1695990,1460419200
"2016-04-13","HAI",5.6,5.7,5.3,5.3,6372180,1460505600
"2016-04-14","HAI",5.3,5.5,5.3,5.4,2855880,1460592000
"2016-04-15","HAI",5.4,5.5,5.2,5.2,2585600,1460678400
"2016-04-19","HAI",5.2,5.3,4.9,4.9,6768750,1461024000
"2016-04-20","HAI",5,5.1,5,5,2900410,1461110400
"2016-04-21","HAI",5.1,5.2,5.1,5.1,946990,1461196800
"2016-04-22","HAI",5.1,5.2,5,5.1,850210,1461283200
"2016-04-25","HAI",5.1,5.3,5.1,5.1,1154360,1461542400
"2016-04-26","HAI",5.1,5.3,5.1,5.2,989530,1461628800
"2016-04-27","HAI",5.3,5.4,5,5,1791670,1461715200
"2016-04-28","HAI",5.1,5.2,5,5,837520,1461801600
"2016-04-29","HAI",5,5.1,5,5.1,570020,1461888000
"2016-05-04","HAI",5.1,5.1,4.9,5,1518060,1462320000
"2016-05-05","HAI",5,5.1,4.9,4.9,676700,1462406400
"2016-05-06","HAI",4.9,5,4.9,4.9,511360,1462492800
"2016-05-09","HAI",4.9,5,4.8,4.9,826760,1462752000
"2016-05-10","HAI",4.9,4.9,4.8,4.8,729120,1462838400
"2016-05-11","HAI",4.8,5,4.8,4.9,405470,1462924800
"2016-05-12","HAI",4.9,5,4.9,4.9,472010,1463011200
"2016-05-13","HAI",4.9,5,4.8,4.9,836140,1463097600
"2016-05-16","HAI",4.9,5,4.8,4.9,762780,1463356800
"2016-05-17","HAI",5,5,4.9,4.9,291920,1463443200
"2016-05-18","HAI",4.9,5.1,4.9,5,567480,1463529600
"2016-05-19","HAI",5.1,5.1,4.9,5,870280,1463616000
"2016-05-20","HAI",5,5.1,5,5,423800,1463702400
"2016-05-23","HAI",5,5,4.9,4.9,341480,1463961600
"2016-05-24","HAI",5,5,4.9,4.9,329510,1464048000
"2016-05-25","HAI",5,5,4.9,4.9,351180,1464134400
"2016-05-26","HAI",4.9,5,4.9,4.9,256780,1464220800
"2016-05-27","HAI",5,5,4.9,5,312450,1464307200
"2016-05-30","HAI",5,5.1,4.9,5,616150,1464566400
"2016-05-31","HAI",5,5.1,4.9,5,636890,1464652800
"2016-06-01","HAI",5,5.1,4.9,5,303160,1464739200
"2016-06-02","HAI",5,5.1,5,5.1,508820,1464825600
"2016-06-03","HAI",5.1,5.2,5,5.1,708890,1464912000
"2016-06-06","HAI",5.1,5.2,5,5,210830,1465171200
"2016-06-07","HAI",5,5.2,5,5.1,368930,1465257600
"2016-06-08","HAI",5.1,5.2,5.1,5.1,733820,1465344000
"2016-06-09","HAI",5.1,5.2,5.1,5.2,675800,1465430400
"2016-06-10","HAI",5.2,5.3,5.1,5.2,911870,1465516800
"2016-06-13","HAI",5.2,5.3,5.1,5.2,921900,1465776000
"2016-06-14","HAI",5.2,5.3,5.1,5.1,594080,1465862400
"2016-06-15","HAI",5.1,5.2,5,5,534590,1465948800
"2016-06-16","HAI",5.1,5.2,5,5.1,358050,1466035200
"2016-06-17","HAI",5,5.2,5,5,253540,1466121600
"2016-06-20","HAI",5,5.1,4.9,4.9,476010,1466380800
"2016-06-21","HAI",4.9,5.1,4.9,5,613700,1466467200
"2016-06-22","HAI",5,5.1,4.9,4.9,258990,1466553600
"2016-06-23","HAI",4.9,5,4.9,4.9,339830,1466640000
"2016-06-24","HAI",4.9,5,4.6,4.7,1466200,1466726400
"2016-06-27","HAI",4.8,4.8,4.4,4.5,1055810,1466985600
"2016-06-28","HAI",4.6,4.7,4.5,4.6,270810,1467072000
"2016-06-29","HAI",4.6,4.8,4.6,4.7,813940,1467158400
"2016-06-30","HAI",4.7,4.8,4.6,4.6,255650,1467244800
"2016-07-01","HAI",4.7,4.7,4.5,4.6,1540840,1467331200
"2016-07-04","HAI",4.5,4.7,4.5,4.6,399590,1467590400
"2016-07-05","HAI",4.6,4.7,4.5,4.6,631210,1467676800
"2016-07-06","HAI",4.6,4.7,4.5,4.5,429690,1467763200
"2016-07-07","HAI",4.6,4.7,4.5,4.7,627570,1467849600
"2016-07-08","HAI",4.7,4.7,4.5,4.6,610670,1467936000
"2016-07-11","HAI",4.6,4.7,4.5,4.5,691040,1468195200
"2016-07-12","HAI",4.5,4.6,4.4,4.4,987920,1468281600
"2016-07-13","HAI",4.4,4.6,4.4,4.5,378880,1468368000
"2016-07-14","HAI",4.5,4.7,4.5,4.5,549260,1468454400
"2016-07-15","HAI",4.5,4.6,4.5,4.6,340530,1468540800
"2016-07-18","HAI",4.6,4.8,4.6,4.7,867950,1468800000
"2016-07-19","HAI",4.7,4.8,4.6,4.7,477390,1468886400
"2016-07-20","HAI",4.7,4.7,4.6,4.6,117300,1468972800
"2016-07-21","HAI",4.6,4.7,4.5,4.6,315560,1469059200
"2016-07-22","HAI",4.6,4.7,4.5,4.6,324240,1469145600
"2016-07-25","HAI",4.6,4.7,4.5,4.6,231860,1469404800
"2016-07-26","HAI",4.6,4.7,4.5,4.5,245380,1469491200
"2016-07-27","HAI",4.5,4.6,4.5,4.6,259620,1469577600
"2016-07-28","HAI",4.6,4.6,4.5,4.5,548090,1469664000
"2016-07-29","HAI",4.5,4.5,4.4,4.4,105270,1469750400
"2016-08-01","HAI",4.5,4.6,4.5,4.5,502390,1470009600
"2016-08-02","HAI",4.5,4.5,4.4,4.5,625950,1470096000
"2016-08-03","HAI",4.4,4.5,4.3,4.5,599470,1470182400
"2016-08-04","HAI",4.5,4.5,4.4,4.4,326400,1470268800
"2016-08-05","HAI",4.4,4.5,4.2,4.2,498500,1470355200
"2016-08-08","HAI",4.2,4.4,4.2,4.3,333860,1470614400
"2016-08-09","HAI",4.3,4.4,4.3,4.3,283190,1470700800
"2016-08-10","HAI",4.3,4.4,4.3,4.4,607380,1470787200
"2016-08-11","HAI",4.4,4.5,4.3,4.4,267020,1470873600
"2016-08-12","HAI",4.4,4.5,4.3,4.4,553250,1470960000
"2016-08-15","HAI",4.4,4.5,4.3,4.4,253220,1471219200
"2016-08-16","HAI",4.5,4.5,4.3,4.3,657890,1471305600
"2016-08-17","HAI",4.3,4.4,4.2,4.3,332530,1471392000
"2016-08-18","HAI",4.3,4.4,4.2,4.2,482200,1471478400
"2016-08-19","HAI",4.2,4.4,4.2,4.3,537590,1471564800
"2016-08-22","HAI",4.4,4.4,4.2,4.2,574790,1471824000
"2016-08-23","HAI",4.2,4.3,4.2,4.2,188570,1471910400
"2016-08-24","HAI",4.2,4.4,4.2,4.3,644080,1471996800
"2016-08-25","HAI",4.3,4.4,4.3,4.3,110850,1472083200
"2016-08-26","HAI",4.4,4.4,4.3,4.4,152810,1472169600
"2016-08-29","HAI",4.3,4.4,4.2,4.3,403290,1472428800
"2016-08-30","HAI",4.2,4.3,4.2,4.2,247820,1472515200
"2016-08-31","HAI",4.2,4.3,4.2,4.2,499890,1472601600
"2016-09-01","HAI",4.2,4.3,4.1,4.2,284150,1472688000
"2016-09-05","HAI",4.2,4.2,4,4.1,392610,1473033600
"2016-09-06","HAI",4.1,4.2,4,4.1,127870,1473120000
"2016-09-07","HAI",4.2,4.2,4,4.1,246720,1473206400
"2016-09-08","HAI",4.2,4.2,4,4.1,249550,1473292800
"2016-09-09","HAI",4.1,4.2,4,4.1,504950,1473379200
"2016-09-12","HAI",4,4.1,4,4.05,139960,1473638400
"2016-09-13","HAI",4.05,4.09,3.99,4,341070,1473724800
"2016-09-14","HAI",4,4,3.85,3.85,330560,1473811200
"2016-09-15","HAI",3.85,3.85,3.59,3.65,860560,1473897600
"2016-09-16","HAI",3.62,3.64,3.41,3.41,745500,1473984000
"2016-09-19","HAI",3.41,3.6,3.21,3.6,548290,1474243200
"2016-09-20","HAI",3.65,3.8,3.65,3.75,239130,1474329600
"2016-09-21","HAI",3.79,3.9,3.75,3.88,285560,1474416000
"2016-09-22","HAI",3.88,3.92,3.88,3.9,519540,1474502400
"2016-09-23","HAI",3.88,3.91,3.86,3.88,225320,1474588800
"2016-09-26","HAI",3.88,3.92,3.88,3.89,386730,1474848000
"2016-09-27","HAI",3.89,3.9,3.84,3.84,534940,1474934400
"2016-09-28","HAI",3.85,3.85,3.8,3.8,393640,1475020800
"2016-09-29","HAI",3.84,3.85,3.79,3.8,541900,1475107200
"2016-09-30","HAI",3.85,3.85,3.76,3.76,522100,1475193600
"2016-10-03","HAI",3.77,3.84,3.77,3.8,148600,1475452800
"2016-10-04","HAI",3.82,3.82,3.77,3.77,252970,1475539200
"2016-10-05","HAI",3.77,3.81,3.75,3.77,370580,1475625600
"2016-10-06","HAI",3.77,4,3.77,3.97,373540,1475712000
"2016-10-07","HAI",3.97,3.97,3.92,3.94,234640,1475798400
"2016-10-10","HAI",3.9,3.95,3.9,3.91,283940,1476057600
"2016-10-11","HAI",3.91,3.93,3.85,3.9,316510,1476144000
"2016-10-12","HAI",3.92,3.93,3.86,3.9,562510,1476230400
"2016-10-13","HAI",3.9,4.17,3.9,4.17,2142690,1476316800
"2016-10-14","HAI",4.2,4.39,4.17,4.2,700800,1476403200
"2016-10-17","HAI",4.2,4.28,4.17,4.18,190840,1476662400
"2016-10-18","HAI",4.02,4.17,4.02,4.06,630060,1476748800
"2016-10-19","HAI",4.02,4.09,3.95,3.98,621050,1476835200
"2016-10-20","HAI",3.98,4.05,3.98,4.02,515130,1476921600
"2016-10-21","HAI",4.03,4.05,3.98,4.02,151330,1477008000
"2016-10-24","HAI",3.97,4.02,3.96,3.98,122270,1477267200
"2016-10-25","HAI",4.01,4.01,3.96,3.97,65610,1477353600
"2016-10-26","HAI",3.96,4.09,3.96,4,308920,1477440000
"2016-10-27","HAI",3.99,4.05,3.95,3.97,255010,1477526400
"2016-10-28","HAI",4.02,4.2,3.94,4.14,386590,1477612800
"2016-10-31","HAI",4.14,4.14,3.98,3.98,366270,1477872000
"2016-11-01","HAI",3.98,4.04,3.97,4.04,406300,1477958400
"2016-11-02","HAI",4,4.02,3.98,3.98,143770,1478044800
"2016-11-03","HAI",3.98,3.98,3.93,3.96,184820,1478131200
"2016-11-04","HAI",3.97,3.99,3.9,3.9,240140,1478217600
"2016-11-07","HAI",3.9,3.94,3.88,3.88,288830,1478476800
"2016-11-08","HAI",3.88,3.9,3.84,3.84,314610,1478563200
"2016-11-09","HAI",3.83,3.87,3.64,3.76,389550,1478649600
"2016-11-10","HAI",3.79,3.89,3.78,3.86,386230,1478736000
"2016-11-11","HAI",3.82,3.87,3.8,3.82,258410,1478822400
"2016-11-14","HAI",3.82,3.82,3.79,3.79,222220,1479081600
"2016-11-15","HAI",3.79,3.86,3.78,3.8,171190,1479168000
"2016-11-16","HAI",3.8,3.81,3.76,3.78,216470,1479254400
"2016-11-17","HAI",3.8,3.82,3.77,3.77,312280,1479340800
"2016-11-18","HAI",3.77,3.8,3.76,3.76,126550,1479427200
"2016-11-21","HAI",3.75,3.78,3.75,3.76,124400,1479686400
"2016-11-22","HAI",3.76,3.81,3.75,3.76,149360,1479772800
"2016-11-23","HAI",3.81,3.92,3.8,3.82,582210,1479859200
"2016-11-24","HAI",3.85,3.88,3.81,3.81,111420,1479945600
"2016-11-25","HAI",3.81,3.84,3.79,3.79,119420,1480032000
"2016-11-28","HAI",3.79,3.85,3.79,3.79,246710,1480291200
"2016-11-29","HAI",3.79,3.87,3.79,3.87,509270,1480377600
"2016-11-30","HAI",3.87,4.01,3.87,3.95,572460,1480464000
"2016-12-01","HAI",3.95,4.22,3.95,4.22,2137030,1480550400
"2016-12-02","HAI",4.51,4.51,4.38,4.48,4151770,1480636800
"2016-12-05","HAI",4.5,4.7,4.31,4.35,1538480,1480896000
"2016-12-06","HAI",4.15,4.16,4.05,4.05,886840,1480982400
"2016-12-07","HAI",3.77,3.94,3.77,3.8,2003910,1481068800
"2016-12-08","HAI",3.85,3.92,3.82,3.88,507700,1481155200
"2016-12-09","HAI",3.89,3.89,3.76,3.76,529770,1481241600
"2016-12-12","HAI",3.76,3.78,3.62,3.63,882300,1481500800
"2016-12-13","HAI",3.51,3.58,3.38,3.38,1196670,1481587200
"2016-12-14","HAI",3.33,3.61,3.33,3.61,560430,1481673600
"2016-12-15","HAI",3.6,3.6,3.36,3.44,1311190,1481760000
"2016-12-16","HAI",3.43,3.46,3.39,3.44,238650,1481846400
"2016-12-19","HAI",3.43,3.48,3.43,3.44,304990,1482105600
"2016-12-20","HAI",3.47,3.47,3.38,3.38,199000,1482192000
"2016-12-21","HAI",3.38,3.47,3.37,3.37,349990,1482278400
"2016-12-22","HAI",3.4,3.42,3.36,3.37,146900,1482364800
"2016-12-23","HAI",3.44,3.44,3.3,3.37,59370,1482451200
"2016-12-26","HAI",3.37,3.4,3.36,3.36,191900,1482710400
"2016-12-27","HAI",3.36,3.4,3.35,3.38,85130,1482796800
"2016-12-28","HAI",3.38,3.48,3.36,3.4,224220,1482883200
"2016-12-29","HAI",3.4,3.44,3.36,3.36,173790,1482969600
"2016-12-30","HAI",3.36,3.4,3.36,3.37,173310,1483056000
"2017-01-03","HAI",3.37,3.4,3.37,3.38,199780,1483401600
"2017-01-04","HAI",3.38,3.45,3.38,3.39,152960,1483488000
"2017-01-05","HAI",3.41,3.42,3.39,3.41,71950,1483574400
"2017-01-06","HAI",3.41,3.41,3.36,3.38,356650,1483660800
"2017-01-09","HAI",3.37,3.39,3.36,3.36,351670,1483920000
"2017-01-10","HAI",3.39,3.39,3.35,3.39,82460,1484006400
"2017-01-11","HAI",3.39,3.39,3.36,3.36,59660,1484092800
"2017-01-12","HAI",3.36,3.4,3.35,3.37,114790,1484179200
"2017-01-13","HAI",3.38,3.38,3.32,3.35,162060,1484265600
"2017-01-16","HAI",3.38,3.38,3.3,3.34,212300,1484524800
"2017-01-17","HAI",3.36,3.36,3.31,3.33,118850,1484611200
"2017-01-18","HAI",3.3,3.33,3.24,3.24,264160,1484697600
"2017-01-19","HAI",3.24,3.31,3.12,3.12,145630,1484784000
"2017-01-20","HAI",3.14,3.16,3.13,3.15,130820,1484870400
"2017-01-23","HAI",3.17,3.2,3.16,3.17,240920,1485129600
"2017-01-24","HAI",3.17,3.28,3.16,3.28,218830,1485216000
"2017-01-25","HAI",3.24,3.3,3.24,3.3,88620,1485302400
"2017-02-02","HAI",3.24,3.34,3.24,3.33,83060,1485993600
"2017-02-03","HAI",3.33,3.42,3.31,3.42,218560,1486080000
"2017-02-06","HAI",3.42,3.45,3.41,3.43,205380,1486339200
"2017-02-07","HAI",3.43,3.45,3.42,3.43,453010,1486425600
"2017-02-08","HAI",3.43,3.44,3.38,3.38,258980,1486512000
"2017-02-09","HAI",3.38,3.42,3.35,3.38,163220,1486598400
"2017-02-10","HAI",3.41,3.41,3.36,3.38,87790,1486684800
"2017-02-13","HAI",3.41,3.45,3.38,3.44,370960,1486944000
"2017-02-14","HAI",3.44,3.48,3.41,3.41,277070,1487030400
"2017-02-15","HAI",3.44,3.47,3.41,3.44,307030,1487116800
"2017-02-16","HAI",3.44,3.5,3.43,3.44,463110,1487203200
"2017-02-17","HAI",3.46,3.57,3.42,3.55,530450,1487289600
"2017-02-20","HAI",3.56,3.64,3.55,3.6,515050,1487548800
"2017-02-21","HAI",3.6,3.67,3.6,3.66,782790,1487635200
"2017-02-22","HAI",3.67,3.7,3.62,3.63,455070,1487721600
"2017-02-23","HAI",3.65,3.65,3.58,3.6,372330,1487808000
"2017-02-24","HAI",3.6,3.8,3.6,3.78,1521530,1487894400
"2017-02-27","HAI",3.78,3.87,3.72,3.85,768140,1488153600
"2017-02-28","HAI",3.85,4.11,3.85,4.08,2083170,1488240000
"2017-03-01","HAI",4.09,4.29,4,4.02,1210360,1488326400
"2017-03-02","HAI",4.03,4.12,3.87,3.93,788200,1488412800
"2017-03-03","HAI",3.86,3.9,3.78,3.82,869820,1488499200
"2017-03-06","HAI",3.83,4.08,3.82,4.08,2324730,1488758400
"2017-03-07","HAI",4.1,4.21,4.05,4.09,1826130,1488844800
"2017-03-08","HAI",4.09,4.14,3.91,3.91,905150,1488931200
"2017-03-09","HAI",3.95,4.08,3.92,3.97,1422950,1489017600
"2017-03-10","HAI",3.97,4.04,3.9,3.94,548970,1489104000
"2017-03-13","HAI",3.94,3.94,3.87,3.87,578110,1489363200
"2017-03-14","HAI",3.83,3.92,3.83,3.86,654240,1489449600
"2017-03-15","HAI",3.86,3.89,3.85,3.85,402740,1489536000
"2017-03-16","HAI",3.85,3.87,3.83,3.84,217590,1489622400
"2017-03-17","HAI",3.86,3.86,3.82,3.85,286870,1489708800
"2017-03-20","HAI",3.86,3.89,3.83,3.83,830180,1489968000
"2017-03-21","HAI",3.83,3.86,3.82,3.83,767170,1490054400
"2017-03-22","HAI",3.87,3.88,3.82,3.82,567290,1490140800
"2017-03-23","HAI",3.8,3.85,3.79,3.8,339230,1490227200
"2017-03-24","HAI",3.8,3.82,3.74,3.78,763800,1490313600
"2017-03-27","HAI",3.76,3.8,3.52,3.7,1156480,1490572800
"2017-03-28","HAI",3.65,3.83,3.65,3.78,323090,1490659200
"2017-03-29","HAI",3.78,3.84,3.78,3.83,197680,1490745600
"2017-03-30","HAI",3.85,3.85,3.78,3.83,307780,1490832000
"2017-03-31","HAI",3.8,3.84,3.77,3.77,347290,1490918400
"2017-04-03","HAI",3.8,3.82,3.75,3.78,420320,1491177600
"2017-04-04","HAI",3.8,3.8,3.77,3.77,180760,1491264000
"2017-04-05","HAI",3.78,3.8,3.76,3.77,133260,1491350400
"2017-04-07","HAI",3.76,3.78,3.74,3.76,407410,1491523200
"2017-04-10","HAI",3.79,3.79,3.73,3.75,187740,1491782400
"2017-04-11","HAI",3.75,3.75,3.57,3.61,432330,1491868800
"2017-04-12","HAI",3.61,3.66,3.56,3.6,411320,1491955200
"2017-04-13","HAI",3.6,3.61,3.57,3.59,216200,1492041600
"2017-04-14","HAI",3.59,3.59,3.51,3.56,403720,1492128000
"2017-04-17","HAI",3.53,3.58,3.52,3.53,218130,1492387200
"2017-04-18","HAI",3.5,3.53,3.46,3.49,299750,1492473600
"2017-04-19","HAI",3.47,3.52,3.47,3.49,241050,1492560000
"2017-04-20","HAI",3.52,3.52,3.47,3.52,85760,1492646400
"2017-04-21","HAI",3.52,3.55,3.5,3.53,304020,1492732800
"2017-04-24","HAI",3.51,3.64,3.51,3.6,202000,1492992000
"2017-04-25","HAI",3.6,3.66,3.6,3.62,264410,1493078400
"2017-04-26","HAI",3.65,3.65,3.6,3.63,85140,1493164800
"2017-04-27","HAI",3.6,3.63,3.6,3.6,200310,1493251200
"2017-04-28","HAI",3.58,3.61,3.55,3.57,99360,1493337600
"2017-05-03","HAI",3.54,3.65,3.54,3.6,218160,1493769600
"2017-05-04","HAI",3.6,3.72,3.6,3.7,359240,1493856000
"2017-05-05","HAI",3.71,3.76,3.7,3.75,370260,1493942400
"2017-05-08","HAI",3.76,3.79,3.74,3.78,393220,1494201600
"2017-05-09","HAI",3.8,4.04,3.79,3.96,2456070,1494288000
"2017-05-10","HAI",3.98,3.99,3.81,3.81,680130,1494374400
"2017-05-11","HAI",3.81,3.87,3.78,3.81,369550,1494460800
"2017-05-12","HAI",3.78,3.81,3.75,3.75,510290,1494547200
"2017-05-15","HAI",3.75,4.01,3.75,4.01,2366190,1494806400
"2017-05-16","HAI",4.2,4.2,3.9,3.9,1214920,1494892800
"2017-05-17","HAI",3.9,3.96,3.87,3.89,590120,1494979200
"2017-05-18","HAI",3.89,3.92,3.83,3.83,457820,1495065600
"2017-05-19","HAI",3.83,3.89,3.82,3.88,449750,1495152000
"2017-05-22","HAI",3.88,3.93,3.81,3.81,599020,1495411200
"2017-05-23","HAI",3.82,3.87,3.73,3.74,574330,1495497600
"2017-05-24","HAI",3.74,3.84,3.74,3.77,436850,1495584000
"2017-05-25","HAI",3.79,3.83,3.76,3.78,422030,1495670400
"2017-05-26","HAI",3.8,3.87,3.78,3.85,606850,1495756800
"2017-05-29","HAI",3.86,4.05,3.83,3.94,974770,1496016000
"2017-05-30","HAI",3.95,3.98,3.85,3.87,308550,1496102400
"2017-05-31","HAI",3.87,3.95,3.83,3.87,414470,1496188800
"2017-06-01","HAI",3.87,3.9,3.83,3.85,482380,1496275200
"2017-06-02","HAI",3.86,3.86,3.81,3.83,330340,1496361600
"2017-06-05","HAI",3.83,3.88,3.83,3.85,143150,1496620800
"2017-06-06","HAI",3.86,4,3.85,3.92,582170,1496707200
"2017-06-07","HAI",3.92,3.95,3.89,3.89,617930,1496793600
"2017-06-08","HAI",3.9,3.9,3.85,3.87,224300,1496880000
"2017-06-09","HAI",3.84,3.88,3.82,3.82,284680,1496966400
"2017-06-12","HAI",3.82,3.87,3.8,3.83,644480,1497225600
"2017-06-13","HAI",3.83,3.85,3.81,3.84,103100,1497312000
"2017-06-14","HAI",3.82,3.84,3.77,3.81,821750,1497398400
"2017-06-15","HAI",3.77,3.8,3.76,3.79,512500,1497484800
"2017-06-16","HAI",3.76,3.8,3.76,3.79,97550,1497571200
"2017-06-19","HAI",3.79,3.87,3.76,3.8,198390,1497830400
"2017-06-20","HAI",3.8,3.85,3.77,3.79,384570,1497916800
"2017-06-21","HAI",3.82,3.82,3.76,3.77,254840,1498003200
"2017-06-22","HAI",3.79,3.83,3.77,3.78,127140,1498089600
"2017-06-23","HAI",3.75,3.8,3.75,3.78,265340,1498176000
"2017-06-26","HAI",3.8,3.83,3.76,3.81,607510,1498435200
"2017-06-27","HAI",3.87,4.07,3.84,3.92,4195120,1498521600
"2017-06-28","HAI",3.98,4.19,3.93,4.13,6383070,1498608000
"2017-06-29","HAI",4.1,4.22,4.05,4.07,819730,1498694400
"2017-06-30","HAI",4.07,4.15,4.04,4.07,1009310,1498780800
"2017-07-03","HAI",4.2,4.35,4.07,4.34,6715860,1499040000
"2017-07-04","HAI",4.5,4.64,4.3,4.5,8462250,1499126400
"2017-07-05","HAI",4.5,4.81,4.5,4.81,6527070,1499212800
"2017-07-06","HAI",5,5.14,4.92,5.14,9623480,1499299200
"2017-07-07","HAI",5.24,5.49,5.2,5.2,12851320,1499385600
"2017-07-10","HAI",5.2,5.56,5.2,5.56,5731790,1499644800
"2017-07-11","HAI",5.81,5.94,5.62,5.94,5045070,1499731200
"2017-07-12","HAI",6.35,6.35,6.3,6.35,3294990,1499817600
"2017-07-13","HAI",6.79,6.79,5.91,6.79,7294190,1499904000
"2017-07-14","HAI",7.2,7.26,6.81,7.26,4673550,1499990400
"2017-07-17","HAI",7.75,7.76,6.77,7.76,4808650,1500249600
"2017-07-18","HAI",8.27,8.3,8,8.3,3934770,1500336000
"2017-07-19","HAI",8.88,8.88,8.8,8.88,2192910,1500422400
"2017-07-20","HAI",9.5,9.5,9.4,9.5,5913980,1500508800
"2017-07-21","HAI",10,10.15,9.51,10.15,3853320,1500595200
"2017-07-24","HAI",10.85,10.85,10.2,10.85,3424640,1500854400
"2017-07-25","HAI",11.6,11.6,10.1,11.6,11793600,1500940800
"2017-07-26","HAI",12,12.4,11.7,12.4,4090010,1501027200
"2017-07-27","HAI",13.2,13.25,12.9,13.25,4050900,1501113600
"2017-07-28","HAI",14,14.15,12.4,14.15,8154230,1501200000
"2017-07-31","HAI",15,15.1,15,15.1,1279060,1501459200
"2017-08-01","HAI",16.15,16.15,16.15,16.15,1074350,1501545600
"2017-08-02","HAI",17.25,17.25,17.25,17.25,498260,1501632000
"2017-08-03","HAI",18.45,18.45,18.45,18.45,106390,1501718400
"2017-08-04","HAI",19.7,19.7,18.45,19.7,5812170,1501804800
"2017-08-07","HAI",21.05,21.05,19.7,21.05,3752170,1502064000
"2017-08-08","HAI",22.4,22.5,22.3,22.5,4299140,1502150400
"2017-08-09","HAI",23.8,24.05,20.95,20.95,11348260,1502236800
"2017-08-10","HAI",19.5,19.9,19.5,19.5,8974430,1502323200
"2017-08-11","HAI",18.15,18.15,18.15,18.15,24250,1502409600
"2017-08-14","HAI",16.9,16.9,16.9,16.9,42510,1502668800
"2017-08-15","HAI",15.75,16.2,15.75,15.75,9106310,1502755200
"2017-08-16","HAI",14.65,14.65,14.65,14.65,5386460,1502841600
"2017-08-17","HAI",13.65,13.65,13.65,13.65,48680,1502928000
"2017-08-18","HAI",12.7,14.6,12.7,14.6,23354090,1503014400
"2017-08-21","HAI",15.4,15.6,13.6,15.6,9861660,1503273600
"2017-08-22","HAI",15.6,15.6,14.55,14.55,5170990,1503360000
"2017-08-23","HAI",13.55,13.7,13.55,13.55,9821870,1503446400
"2017-08-24","HAI",12.65,13.2,12.65,12.65,7994660,1503532800
"2017-08-25","HAI",11.8,13.5,11.8,13.5,18231570,1503619200
"2017-08-28","HAI",14,14,12.6,12.6,5568650,1503878400
"2017-08-29","HAI",11.75,12.25,11.75,11.75,7238410,1503964800
"2017-08-30","HAI",10.95,11.75,10.95,11,11272030,1504051200
"2017-08-31","HAI",11,11.7,10.25,10.4,5629510,1504137600
"2017-09-01","HAI",10.4,11.1,10.05,11.1,6486200,1504224000
"2017-09-05","HAI",10.6,11.1,10.35,10.35,3700550,1504569600
"2017-09-06","HAI",10.05,10.55,9.67,10.35,4234600,1504656000
"2017-09-07","HAI",10,10.35,9.87,9.87,717700,1504742400
"2017-09-08","HAI",9.83,10.35,9.65,9.98,1119720,1504828800
"2017-09-11","HAI",10.05,10.15,9.8,9.83,1310330,1505088000
"2017-09-12","HAI",9.98,10.25,9.8,10.2,5000030,1505174400
"2017-09-13","HAI",10.5,10.8,9.99,10.35,4514670,1505260800
"2017-09-14","HAI",10.45,10.45,9.99,10,4502920,1505347200
"2017-09-15","HAI",10.05,10.2,10,10.15,2069780,1505433600
"2017-09-18","HAI",10,10.2,10,10,2393320,1505692800
"2017-09-19","HAI",10,10.3,10,10.15,2933510,1505779200
"2017-09-20","HAI",10.25,10.25,9.99,10.2,3192910,1505865600
"2017-09-21","HAI",10.25,10.3,9.99,10.2,4228100,1505952000
"2017-09-22","HAI",10,10.2,9.99,10.2,3668390,1506038400
"2017-09-25","HAI",10.1,10.2,9.99,10,2985460,1506297600
"2017-09-26","HAI",10,10.2,9.3,10.15,7842470,1506384000
"2017-09-27","HAI",9.81,10.1,9.45,9.45,975860,1506470400
"2017-09-28","HAI",9.55,9.55,8.79,8.79,2869010,1506556800
"2017-09-29","HAI",8.79,8.79,8.18,8.18,3057350,1506643200
"2017-10-02","HAI",7.62,8.1,7.61,7.61,3230300,1506902400
"2017-10-03","HAI",7.41,7.45,7.08,7.08,2412210,1506988800
"2017-10-04","HAI",7,7.57,6.88,7.57,3034490,1507075200
"2017-10-05","HAI",8.09,8.09,8,8.09,2298460,1507161600
"2017-10-06","HAI",8.64,8.65,8.4,8.65,3421550,1507248000
"2017-10-09","HAI",9,9.25,8.1,9.25,8004340,1507507200
"2017-10-10","HAI",9.3,9.89,8.99,9.89,7222120,1507593600
"2017-10-11","HAI",9.89,10.55,9.8,10.55,8179110,1507680000
"2017-10-12","HAI",10.6,11.25,10.6,11.25,3375330,1507766400
"2017-10-13","HAI",11.8,12,10.8,12,7001660,1507852800
"2017-10-16","HAI",12.5,12.8,11.8,12.8,7761930,1508112000
"2017-10-17","HAI",13.4,13.45,11.95,11.95,5929700,1508198400
"2017-10-18","HAI",11.15,11.25,11.15,11.15,10074890,1508284800
"2017-10-19","HAI",10.4,11.9,10.4,11.9,14714690,1508371200
"2017-10-20","HAI",12.4,12.4,11.1,11.1,6630680,1508457600
"2017-10-23","HAI",10.35,10.95,10.35,10.35,2927750,1508716800
"2017-10-24","HAI",10.2,10.3,9.63,9.63,3885850,1508803200
"2017-10-25","HAI",9.4,9.8,8.96,8.96,4740770,1508889600
"2017-10-26","HAI",8.96,8.98,8.34,8.45,4413510,1508976000
"2017-10-27","HAI",8.5,9.04,8.5,9.04,4924860,1509062400
"2017-10-30","HAI",9.67,9.67,9.5,9.67,3885100,1509321600
"2017-10-31","HAI",9.67,9.67,9,9,2092030,1509408000
"2017-11-01","HAI",8.37,8.97,8.37,8.37,4813900,1509494400
"2017-11-02","HAI",8.37,8.59,7.79,7.79,7596600,1509580800
"2017-11-03","HAI",7.55,8.1,7.25,7.47,6125380,1509667200
"2017-11-06","HAI",7.5,7.99,7.5,7.99,3555680,1509926400
"2017-11-07","HAI",8.5,8.54,7.44,7.5,7716310,1510012800
"2017-11-08","HAI",7.6,7.76,7.3,7.45,3758010,1510099200
"2017-11-09","HAI",7.45,7.6,7.2,7.45,5719170,1510185600
"2017-11-10","HAI",7.45,7.97,7.2,7.97,42653600,1510272000
"2017-11-13","HAI",7.6,7.9,7.42,7.42,4771280,1510531200
"2017-11-14","HAI",7.3,7.56,7.15,7.3,4211070,1510617600
"2017-11-15","HAI",7.3,7.45,7.25,7.33,2222400,1510704000
"2017-11-16","HAI",7.33,7.49,7.28,7.4,1912620,1510790400
"2017-11-17","HAI",7.5,7.65,7.4,7.44,2370430,1510876800
"2017-11-20","HAI",7.44,7.5,7.39,7.4,1604050,1511136000
"2017-11-21","HAI",7.4,7.41,7.29,7.3,2457160,1511222400
"2017-11-22","HAI",7.38,7.45,7.3,7.31,1503040,1511308800
"2017-11-23","HAI",7.31,7.47,7.3,7.35,1703820,1511395200
"2017-11-24","HAI",7.35,7.47,7.3,7.4,1716730,1511481600
"2017-11-27","HAI",7.49,7.91,7.42,7.91,3436500,1511740800
"2017-11-28","HAI",8.46,8.46,8.3,8.46,5134860,1511827200
"2017-11-29","HAI",8.96,8.96,7.99,7.99,6235100,1511913600
"2017-11-30","HAI",7.93,8.15,7.8,7.82,2432110,1512000000
"2017-12-01","HAI",7.8,7.85,7.68,7.69,2977150,1512086400
"2017-12-04","HAI",7.69,7.89,7.69,7.71,2950030,1512345600
"2017-12-05","HAI",7.76,7.76,7.4,7.4,3322230,1512432000
"2017-12-06","HAI",7.4,7.91,7.37,7.91,4572220,1512518400
"2017-12-07","HAI",8.1,8.44,7.91,8,3993960,1512604800
"2017-12-08","HAI",8.05,8.06,7.7,7.75,1521170,1512691200
"2017-12-11","HAI",7.68,7.72,7.5,7.6,1905230,1512950400
"2017-12-12","HAI",7.57,7.72,7.41,7.63,2397780,1513036800
"2017-12-13","HAI",7.65,7.7,7.52,7.66,3938960,1513123200
"2017-12-14","HAI",7.66,7.72,7.63,7.67,2279400,1513209600
"2017-12-15","HAI",7.65,7.75,7.6,7.62,1865570,1513296000
"2017-12-18","HAI",7.62,7.7,7.52,7.52,2782670,1513555200
"2017-12-19","HAI",7.57,7.58,7.29,7.3,3824420,1513641600
"2017-12-20","HAI",7.29,7.4,7.27,7.38,2296790,1513728000
"2017-12-21","HAI",7.33,7.39,7.3,7.3,1128650,1513814400
"2017-12-22","HAI",7.3,7.81,7.28,7.81,4910110,1513900800
"2017-12-25","HAI",7.88,8.23,7.61,7.61,3130670,1514160000
"2017-12-26","HAI",7.61,7.71,7.53,7.53,887940,1514246400
"2017-12-27","HAI",7.53,7.65,7.39,7.39,2526260,1514332800
"2017-12-28","HAI",7.39,7.49,7.36,7.39,1163170,1514419200
"2017-12-29","HAI",7.4,7.49,7.35,7.36,1240600,1514505600
"2018-01-02","HAI",7.44,7.44,7.32,7.32,1564040,1514851200
"2018-01-03","HAI",7.31,7.4,7.21,7.21,2431230,1514937600
"2018-01-04","HAI",7.21,7.3,7.21,7.3,1638060,1515024000
"2018-01-05","HAI",7.3,7.3,7.2,7.2,1739290,1515110400
"2018-01-08","HAI",7.2,7.24,7.06,7.09,2459180,1515369600
"2018-01-09","HAI",7.09,7.3,6.8,7.2,3510860,1515456000
"2018-01-10","HAI",7.27,7.27,7.05,7.06,1287670,1515542400
"2018-01-11","HAI",7.06,7.35,7.05,7.2,1945520,1515628800
"2018-01-12","HAI",7.2,7.7,7.2,7.7,6502180,1515715200
"2018-01-15","HAI",7.8,8.1,7.36,7.38,4849970,1515974400
"2018-01-16","HAI",7.37,7.89,7.3,7.89,6529590,1516060800
"2018-01-17","HAI",8,8.12,7.6,7.95,24088230,1516147200
"2018-01-18","HAI",7.95,7.95,7.4,7.4,10931530,1516233600
"2018-01-19","HAI",7.5,7.5,6.89,6.9,12445300,1516320000
"2018-01-22","HAI",7.15,7.28,6.71,6.8,4511270,1516579200
"2018-01-25","HAI",6.8,6.89,6.33,6.33,11775060,1516838400
"2018-01-26","HAI",6.45,6.46,6.35,6.35,3083970,1516924800
"2018-01-29","HAI",6.4,6.45,6.38,6.38,3645190,1517184000
"2018-01-30","HAI",6.44,6.48,6.17,6.3,4963820,1517270400
"2018-01-31","HAI",6.31,6.34,6.03,6.03,5842160,1517356800
"2018-02-01","HAI",6.03,6.19,5.61,5.61,6976780,1517443200
"2018-02-02","HAI",5.6,5.63,5.25,5.53,2129840,1517529600
"2018-02-05","HAI",5.52,5.52,5.15,5.15,3140590,1517788800
"2018-02-06","HAI",4.79,4.97,4.79,4.79,2610700,1517875200
"2018-02-07","HAI",4.94,5.12,4.94,5.12,2894420,1517961600
"2018-02-08","HAI",5.3,5.3,4.9,4.9,1947240,1518048000
"2018-02-09","HAI",4.61,4.7,4.56,4.61,5964100,1518134400
"2018-02-12","HAI",4.7,4.86,4.65,4.86,1782750,1518393600
"2018-02-13","HAI",4.92,5,4.9,4.92,1300990,1518480000
"2018-02-21","HAI",5,5.05,4.96,4.99,1137540,1519171200
"2018-02-22","HAI",4.98,4.98,4.7,4.72,1588180,1519257600
"2018-02-23","HAI",4.8,4.82,4.74,4.79,803290,1519344000
"2018-02-26","HAI",4.8,4.85,4.68,4.69,1471570,1519603200
"2018-02-27","HAI",4.69,4.8,4.65,4.7,602810,1519689600
"2018-02-28","HAI",4.68,4.73,4.57,4.6,1013690,1519776000
"2018-03-01","HAI",4.57,4.64,4.5,4.51,1034240,1519862400
"2018-03-02","HAI",4.5,4.52,4.48,4.49,1019650,1519948800
"2018-03-05","HAI",4.58,4.58,4.49,4.49,973300,1520208000
"2018-03-06","HAI",4.49,4.54,4.49,4.51,1260890,1520294400
"2018-03-07","HAI",4.51,4.82,4.51,4.82,3098500,1520380800
"2018-03-08","HAI",4.91,5.15,4.91,4.99,4534180,1520467200
"2018-03-09","HAI",5,5.01,4.81,4.81,1289230,1520553600
"2018-03-12","HAI",4.85,4.9,4.79,4.8,1301080,1520812800
"2018-03-13","HAI",4.7,4.75,4.67,4.69,1584190,1520899200
"2018-03-14","HAI",4.7,4.95,4.67,4.84,1489050,1520985600
"2018-03-15","HAI",4.85,5.07,4.82,4.88,1760960,1521072000
"2018-03-16","HAI",4.9,5.05,4.9,4.96,1736690,1521158400
"2018-03-19","HAI",5,5.1,4.98,4.98,1762410,1521417600
"2018-03-20","HAI",4.95,4.98,4.87,4.87,1405880,1521504000
"2018-03-21","HAI",4.86,4.94,4.85,4.86,1250300,1521590400
"2018-03-22","HAI",4.86,4.9,4.81,4.81,1138820,1521676800
"2018-03-23","HAI",4.71,4.71,4.56,4.63,2519320,1521763200
"2018-03-26","HAI",4.59,4.68,4.58,4.6,1005120,1522022400
"2018-03-27","HAI",4.7,4.8,4.66,4.67,1874810,1522108800
"2018-03-28","HAI",4.7,4.76,4.65,4.65,1441540,1522195200
"2018-03-29","HAI",4.61,4.69,4.57,4.59,808590,1522281600
"2018-03-30","HAI",4.58,4.6,4.53,4.53,704680,1522368000
"2018-04-02","HAI",4.6,4.6,4.48,4.48,1033230,1522627200
"2018-04-03","HAI",4.45,4.46,4.25,4.34,1572120,1522713600
"2018-04-04","HAI",4.34,4.38,4.29,4.3,985760,1522800000
"2018-04-05","HAI",4.34,4.37,4.28,4.33,1384720,1522886400
"2018-04-06","HAI",4.32,4.42,4.32,4.34,1023880,1522972800
"2018-04-09","HAI",4.34,4.36,4.27,4.28,643000,1523232000
"2018-04-10","HAI",4.3,4.31,4.09,4.09,1702850,1523318400
"2018-04-11","HAI",4.14,4.14,3.85,3.89,1579130,1523404800
"2018-04-12","HAI",3.81,3.86,3.78,3.79,1156550,1523491200
"2018-04-13","HAI",3.79,3.84,3.77,3.79,851740,1523577600
"2018-04-16","HAI",3.79,3.82,3.7,3.73,1021310,1523836800
"2018-04-17","HAI",3.75,3.77,3.72,3.73,663420,1523923200
"2018-04-18","HAI",3.75,3.99,3.72,3.99,2528270,1524009600
"2018-04-19","HAI",4.01,4.2,3.91,3.96,1849500,1524096000
"2018-04-20","HAI",3.96,3.98,3.85,3.91,867470,1524182400
"2018-04-23","HAI",3.85,3.89,3.72,3.72,943060,1524441600
"2018-04-24","HAI",3.66,3.71,3.57,3.62,1350240,1524528000
"2018-04-26","HAI",3.62,3.64,3.41,3.45,1042220,1524700800
"2018-04-27","HAI",3.45,3.61,3.45,3.52,663200,1524787200
"2018-05-02","HAI",3.5,3.59,3.4,3.4,987690,1525219200
"2018-05-03","HAI",3.37,3.42,3.35,3.36,638400,1525305600
"2018-05-04","HAI",3.4,3.43,3.39,3.39,668950,1525392000
"2018-05-07","HAI",3.4,3.49,3.4,3.47,659450,1525651200
"2018-05-08","HAI",3.47,3.71,3.47,3.71,2036010,1525737600
"2018-05-09","HAI",3.72,3.96,3.71,3.96,3937300,1525824000
"2018-05-10","HAI",3.96,4.2,3.89,3.91,1985460,1525910400
"2018-05-11","HAI",3.81,3.91,3.78,3.82,1580380,1525996800
"2018-05-14","HAI",3.91,4.08,3.86,3.91,1892350,1526256000
"2018-05-15","HAI",3.99,4.02,3.91,3.97,922640,1526342400
"2018-05-16","HAI",3.89,3.97,3.75,3.8,1457730,1526428800
"2018-05-17","HAI",3.78,3.84,3.75,3.75,833250,1526515200
"2018-05-18","HAI",3.75,3.81,3.65,3.71,1035700,1526601600
"2018-05-21","HAI",3.71,3.72,3.64,3.67,647470,1526860800
"2018-05-22","HAI",3.64,3.67,3.48,3.5,1107630,1526947200
"2018-05-23","HAI",3.54,3.62,3.48,3.61,1202020,1527033600
"2018-05-24","HAI",3.64,3.65,3.53,3.53,243550,1527120000
"2018-05-25","HAI",3.52,3.56,3.48,3.48,535870,1527206400
"2018-05-28","HAI",3.4,3.45,3.24,3.24,2290950,1527465600
"2018-05-29","HAI",3.24,3.42,3.24,3.42,955380,1527552000
"2018-05-30","HAI",3.44,3.44,3.2,3.3,532800,1527638400
"2018-05-31","HAI",3.38,3.39,3.3,3.35,495370,1527724800
"2018-06-01","HAI",3.39,3.58,3.39,3.58,980720,1527811200
"2018-06-04","HAI",3.83,3.83,3.83,3.83,411090,1528070400
"2018-06-05","HAI",4.09,4.09,3.98,4.09,4065820,1528156800
"2018-06-06","HAI",4.09,4.28,3.96,3.99,4167020,1528243200
"2018-06-07","HAI",3.99,4.1,3.9,3.9,1642410,1528329600
"2018-06-08","HAI",3.9,3.9,3.79,3.84,1167120,1528416000
"2018-06-11","HAI",3.84,4.1,3.74,3.96,1717190,1528675200
"2018-06-12","HAI",3.9,3.96,3.76,3.81,1264540,1528761600
"2018-06-13","HAI",3.85,4,3.83,3.85,440310,1528848000
"2018-06-14","HAI",3.89,3.92,3.8,3.81,689310,1528934400
"2018-06-15","HAI",3.8,3.85,3.76,3.78,736230,1529020800
"2018-06-18","HAI",3.77,3.85,3.73,3.74,989510,1529280000
"2018-06-19","HAI",3.74,3.79,3.49,3.53,1524080,1529366400
"2018-06-20","HAI",3.62,3.67,3.53,3.6,556320,1529452800
"2018-06-21","HAI",3.6,3.73,3.58,3.6,957540,1529539200
"2018-06-22","HAI",3.63,3.66,3.58,3.63,912230,1529625600
"2018-06-25","HAI",3.65,3.7,3.63,3.68,561360,1529884800
"2018-06-26","HAI",3.67,3.67,3.6,3.67,645890,1529971200
"2018-06-27","HAI",3.68,3.85,3.66,3.79,1666700,1530057600
"2018-06-28","HAI",3.79,3.79,3.62,3.65,741670,1530144000
"2018-06-29","HAI",3.65,3.69,3.4,3.61,706970,1530230400
"2018-07-02","HAI",3.61,3.61,3.4,3.46,1054730,1530489600
"2018-07-03","HAI",3.5,3.51,3.39,3.4,1193830,1530576000
"2018-07-04","HAI",3.4,3.47,3.35,3.4,613790,1530662400
"2018-07-05","HAI",3.4,3.42,3.32,3.32,685650,1530748800
"2018-07-06","HAI",3.32,3.4,3.28,3.38,1071800,1530835200
"2018-07-09","HAI",3.4,3.49,3.36,3.38,420940,1531094400
"2018-07-10","HAI",3.4,3.4,3.34,3.38,310860,1531180800
"2018-07-11","HAI",3.38,3.38,3.28,3.28,483890,1531267200
"2018-07-12","HAI",3.27,3.39,3.27,3.36,531100,1531353600
"2018-07-13","HAI",3.39,3.59,3.34,3.56,2417320,1531440000
"2018-07-16","HAI",3.6,3.75,3.57,3.6,1100950,1531699200
"2018-07-17","HAI",3.55,3.6,3.54,3.55,664340,1531785600
"2018-07-18","HAI",3.61,3.75,3.54,3.67,948410,1531872000
"2018-07-19","HAI",3.67,3.8,3.62,3.62,1176200,1531958400
"2018-07-20","HAI",3.67,3.82,3.6,3.76,1662500,1532044800
"2018-07-23","HAI",3.83,3.91,3.8,3.8,1828560,1532304000
"2018-07-24","HAI",3.8,3.84,3.7,3.7,1132910,1532390400
"2018-07-25","HAI",3.68,3.95,3.68,3.95,5381020,1532476800
"2018-07-26","HAI",4.19,4.22,3.9,3.95,5883770,1532563200
"2018-07-27","HAI",3.95,4.09,3.94,3.97,1779070,1532649600
"2018-07-30","HAI",3.7,3.8,3.7,3.7,8728400,1532908800
"2018-07-31","HAI",3.62,3.68,3.53,3.57,3040400,1532995200
"2018-08-01","HAI",3.6,3.74,3.57,3.61,1133780,1533081600
"2018-08-02","HAI",3.59,3.62,3.51,3.53,1794430,1533168000
"2018-08-03","HAI",3.56,3.63,3.52,3.55,1364500,1533254400
"2018-08-06","HAI",3.6,3.6,3.52,3.54,963560,1533513600
"2018-08-07","HAI",3.54,3.56,3.52,3.54,901420,1533600000
"2018-08-08","HAI",3.55,3.56,3.48,3.49,1227590,1533686400
"2018-08-09","HAI",3.49,3.5,3.45,3.47,1262830,1533772800
"2018-08-10","HAI",3.47,3.48,3.4,3.42,1424820,1533859200
"2018-08-13","HAI",3.42,3.6,3.42,3.57,930100,1534118400
"2018-08-14","HAI",3.59,3.59,3.5,3.5,630300,1534204800
"2018-08-15","HAI",3.5,3.55,3.44,3.45,1065840,1534291200
"2018-08-16","HAI",3.43,3.49,3.42,3.49,604710,1534377600
"2018-08-17","HAI",3.52,3.52,3.47,3.47,406950,1534464000
"2018-08-20","HAI",3.5,3.5,3.45,3.46,472390,1534723200
"2018-08-21","HAI",3.46,3.5,3.45,3.46,691350,1534809600
"2018-08-22","HAI",3.46,3.5,3.46,3.46,537750,1534896000
"2018-08-23","HAI",3.46,3.48,3.44,3.44,515010,1534982400
"2018-08-24","HAI",3.43,3.49,3.43,3.44,685030,1535068800
"2018-08-27","HAI",3.44,3.46,3.43,3.43,683950,1535328000
"2018-08-28","HAI",3.43,3.46,3.42,3.43,332970,1535414400
"2018-08-29","HAI",3.43,3.45,3.4,3.4,578260,1535500800
"2018-08-30","HAI",3.42,3.42,3.39,3.39,590350,1535587200
"2018-08-31","HAI",3.4,3.41,3.38,3.39,423290,1535673600
"2018-09-04","HAI",3.39,3.6,3.38,3.53,1343560,1536019200
"2018-09-05","HAI",3.57,3.57,3.3,3.47,601650,1536105600
"2018-09-06","HAI",3.49,3.49,3.4,3.41,353850,1536192000
"2018-09-07","HAI",3.41,3.44,3.39,3.4,520470,1536278400
"2018-09-10","HAI",3.4,3.45,3.39,3.39,417830,1536537600
"2018-09-11","HAI",3.38,3.43,3.38,3.4,531470,1536624000
"2018-09-12","HAI",3.4,3.42,3.39,3.4,403010,1536710400
"2018-09-13","HAI",3.38,3.52,3.38,3.44,812160,1536796800
"2018-09-14","HAI",3.44,3.47,3.4,3.43,573440,1536883200
"2018-09-17","HAI",3.41,3.43,3.4,3.4,770750,1537142400
"2018-09-18","HAI",3.39,3.42,3.38,3.4,724200,1537228800
"2018-09-19","HAI",3.4,3.45,3.38,3.4,1675210,1537315200
"2018-09-20","HAI",3.4,3.44,3.39,3.4,663550,1537401600
"2018-09-21","HAI",3.4,3.43,3.37,3.38,1034790,1537488000
"2018-09-24","HAI",3.38,3.4,3.35,3.36,570490,1537747200
"2018-09-25","HAI",3.39,3.44,3.36,3.4,761510,1537833600
"2018-09-26","HAI",3.4,3.42,3.33,3.34,1547640,1537920000
"2018-09-27","HAI",3.32,3.39,3.31,3.38,1328100,1538006400
"2018-09-28","HAI",3.38,3.39,3.32,3.32,1019630,1538092800
"2018-10-01","HAI",3.32,3.35,3.31,3.32,606300,1538352000
"2018-10-02","HAI",3.31,3.34,3.31,3.31,750530,1538438400
"2018-10-03","HAI",3.31,3.33,3.28,3.3,727940,1538524800
"2018-10-04","HAI",3.29,3.3,3.26,3.28,656480,1538611200
"2018-10-05","HAI",3.28,3.3,3.26,3.26,692230,1538697600
"2018-10-08","HAI",3.26,3.26,3.17,3.17,1490250,1538956800
"2018-10-09","HAI",3.17,3.18,3.13,3.13,832080,1539043200
"2018-10-10","HAI",3.15,3.21,3.12,3.17,636940,1539129600
"2018-10-11","HAI",3.01,3.1,2.95,3,1906750,1539216000
"2018-10-12","HAI",2.96,3.02,2.9,3.01,668620,1539302400
"2018-10-15","HAI",3.03,3.03,2.97,2.98,420930,1539561600
"2018-10-16","HAI",2.96,3,2.96,2.97,510190,1539648000
"2018-10-17","HAI",3,3.03,2.95,2.95,930450,1539734400
"2018-10-18","HAI",2.95,3,2.94,2.95,420460,1539820800
"2018-10-19","HAI",2.95,2.96,2.9,2.91,339870,1539907200
"2018-10-22","HAI",2.94,2.95,2.91,2.93,254600,1540166400
"2018-10-23","HAI",2.93,2.93,2.75,2.77,632160,1540252800
"2018-10-24","HAI",2.76,2.79,2.74,2.74,562050,1540339200
"2018-10-25","HAI",2.66,2.68,2.6,2.63,869510,1540425600
"2018-10-26","HAI",2.65,2.69,2.6,2.63,718000,1540512000
"2018-10-29","HAI",2.63,2.63,2.55,2.61,369890,1540771200
"2018-10-30","HAI",2.6,2.62,2.56,2.59,492090,1540857600
"2018-10-31","HAI",2.6,2.63,2.57,2.6,360070,1540944000
"2018-11-01","HAI",2.62,2.65,2.6,2.63,347230,1541030400
"2018-11-02","HAI",2.63,2.66,2.6,2.65,322150,1541116800
"2018-11-05","HAI",2.65,2.68,2.62,2.64,147530,1541376000
"2018-11-06","HAI",2.66,2.67,2.64,2.65,235040,1541462400
"2018-11-07","HAI",2.64,2.67,2.62,2.66,255640,1541548800
"2018-11-08","HAI",2.68,2.8,2.65,2.72,822320,1541635200
"2018-11-09","HAI",2.78,2.79,2.7,2.72,551910,1541721600
"2018-11-12","HAI",2.53,2.57,2.53,2.53,3811670,1541980800
"2018-11-13","HAI",2.37,2.49,2.36,2.44,1655560,1542067200
"2018-11-14","HAI",2.44,2.5,2.42,2.45,388190,1542153600
"2018-11-15","HAI",2.45,2.45,2.36,2.4,802840,1542240000
"2018-11-16","HAI",2.24,2.28,2.24,2.24,1192130,1542326400
"2018-11-19","HAI",2.2,2.23,2.09,2.12,1600760,1542585600
"2018-11-20","HAI",2.12,2.26,2.08,2.26,1033310,1542672000
"2018-11-21","HAI",2.28,2.34,2.21,2.23,472810,1542758400
"2018-11-22","HAI",2.24,2.26,2.2,2.25,321560,1542844800
"2018-11-23","HAI",2.25,2.32,2.22,2.22,158830,1542931200
"2018-11-26","HAI",2.22,2.22,2.19,2.21,469900,1543190400
"2018-11-27","HAI",2.21,2.21,2.1,2.1,332540,1543276800
"2018-11-28","HAI",2.1,2.15,2.09,2.12,305340,1543363200
"2018-11-29","HAI",2.11,2.12,2.07,2.07,246290,1543449600
"2018-11-30","HAI",2.11,2.11,2.01,2.09,375810,1543536000
"2018-12-03","HAI",2.09,2.14,2.09,2.12,374270,1543795200
"2018-12-04","HAI",2.12,2.12,2.06,2.07,589790,1543881600
"2018-12-05","HAI",2.07,2.08,2.04,2.07,293580,1543968000
"2018-12-06","HAI",2.05,2.15,2.05,2.15,260500,1544054400
"2018-12-07","HAI",2.15,2.26,2.15,2.2,1175250,1544140800
"2018-12-10","HAI",2.2,2.2,2.13,2.13,148230,1544400000
"2018-12-11","HAI",2.15,2.16,2.12,2.15,188910,1544486400
"2018-12-12","HAI",2,2.19,2,2.16,215810,1544572800
"2018-12-13","HAI",2.17,2.19,2.15,2.18,415220,1544659200
"2018-12-14","HAI",2.17,2.2,2.14,2.17,110580,1544745600
"2018-12-17","HAI",2.14,2.18,2.07,2.07,185530,1545004800
"2018-12-18","HAI",2.07,2.07,1.99,1.99,682370,1545091200
"2018-12-19","HAI",2,2.03,1.96,2.02,378590,1545177600
"2018-12-20","HAI",2.02,2.04,1.98,1.99,150520,1545264000
"2018-12-21","HAI",1.99,2,1.97,1.97,137870,1545350400
"2018-12-24","HAI",1.99,2.1,1.95,2.1,2606200,1545609600
"2018-12-25","HAI",2.24,2.24,2.2,2.24,5681850,1545696000
"2018-12-26","HAI",2.25,2.39,2.25,2.39,4840940,1545782400
"2018-12-27","HAI",2.55,2.55,2.38,2.5,6786940,1545868800
"2018-12-28","HAI",2.5,2.6,2.33,2.39,4763230,1545955200
"2019-01-02","HAI",2.39,2.39,2.23,2.29,2481270,1546387200
"2019-01-03","HAI",2.2,2.2,2.13,2.13,1811440,1546473600
"2019-01-04","HAI",2,2.09,1.99,2.09,2753800,1546560000
"2019-01-07","HAI",2,2.17,2,2.06,796460,1546819200
"2019-01-08","HAI",2.06,2.1,2.04,2.04,449490,1546905600
"2019-01-09","HAI",2.04,2.09,2,2.04,537520,1546992000
"2019-01-10","HAI",2.03,2.08,2,2.06,285350,1547078400
"2019-01-11","HAI",2.08,2.08,2,2,2398100,1547164800
"2019-01-14","HAI",2.03,2.04,1.98,2.01,1287840,1547424000
"2019-01-15","HAI",2.01,2.02,1.99,2.01,838510,1547510400
"2019-01-16","HAI",2.02,2.02,1.98,1.99,253200,1547596800
"2019-01-17","HAI",2,2,1.95,2,1045800,1547683200
"2019-01-18","HAI",2,2.03,1.95,1.99,347820,1547769600
"2019-01-21","HAI",1.98,2.01,1.97,2,902280,1548028800
"2019-01-22","HAI",2,2,1.95,1.96,980300,1548115200
"2019-01-23","HAI",1.97,1.97,1.93,1.96,625340,1548201600
"2019-01-24","HAI",1.96,1.96,1.9,1.9,471950,1548288000
"2019-01-25","HAI",1.9,1.9,1.77,1.83,2669410,1548374400
"2019-01-28","HAI",1.82,1.83,1.72,1.74,1057340,1548633600
"2019-01-29","HAI",1.71,1.74,1.62,1.65,3810100,1548720000
"2019-01-30","HAI",1.65,1.66,1.54,1.6,2910810,1548806400
"2019-01-31","HAI",1.6,1.71,1.55,1.69,874590,1548892800
"2019-02-01","HAI",1.7,1.79,1.67,1.79,987130,1548979200
"2019-02-11","HAI",1.81,1.91,1.78,1.91,3226960,1549843200
"2019-02-12","HAI",2,2.04,1.93,2.04,4335730,1549929600
"2019-02-13","HAI",2.17,2.18,1.95,1.95,2319950,1550016000
"2019-02-14","HAI",2.08,2.08,1.85,1.86,3048790,1550102400
"2019-02-15","HAI",1.9,1.98,1.76,1.98,2568610,1550188800
"2019-02-18","HAI",1.98,2.05,1.9,2,927820,1550448000
"2019-02-19","HAI",1.99,2,1.86,1.86,1776760,1550534400
"2019-02-20","HAI",1.86,1.9,1.83,1.88,642520,1550620800
"2019-02-21","HAI",1.88,1.88,1.83,1.88,531750,1550707200
"2019-02-22","HAI",1.88,1.9,1.85,1.9,703140,1550793600
"2019-02-25","HAI",1.9,1.91,1.85,1.86,447910,1551052800
"2019-02-26","HAI",1.88,1.88,1.82,1.82,828760,1551139200
"2019-02-27","HAI",1.85,1.9,1.84,1.84,444010,1551225600
"2019-02-28","HAI",1.81,1.85,1.76,1.83,904850,1551312000
"2019-03-01","HAI",1.83,1.85,1.82,1.84,516100,1551398400
"2019-03-04","HAI",1.84,1.91,1.84,1.85,804420,1551657600
"2019-03-05","HAI",1.85,1.92,1.85,1.87,1691200,1551744000
"2019-03-06","HAI",1.87,1.95,1.87,1.92,1479310,1551830400
"2019-03-07","HAI",1.94,2.05,1.94,1.99,1514280,1551916800
"2019-03-08","HAI",1.99,1.99,1.9,1.91,1110690,1552003200
"2019-03-11","HAI",1.9,1.93,1.81,1.86,1009400,1552262400
"2019-03-12","HAI",1.86,1.87,1.83,1.85,678020,1552348800
"2019-03-13","HAI",1.87,1.88,1.85,1.85,347090,1552435200
"2019-03-14","HAI",1.85,1.89,1.85,1.87,737960,1552521600
"2019-03-15","HAI",1.89,1.89,1.81,1.84,447870,1552608000
"2019-03-18","HAI",1.84,1.87,1.84,1.85,378190,1552867200
"2019-03-19","HAI",1.85,1.86,1.83,1.83,532240,1552953600
"2019-03-20","HAI",1.83,1.85,1.8,1.82,379230,1553040000
"2019-03-21","HAI",1.8,1.82,1.75,1.78,444680,1553126400
"2019-03-22","HAI",1.78,1.85,1.76,1.83,382170,1553212800
"2019-03-25","HAI",1.82,1.83,1.74,1.75,542890,1553472000
"2019-03-26","HAI",1.8,1.8,1.74,1.74,431670,1553558400
"2019-03-27","HAI",1.74,1.78,1.73,1.74,503210,1553644800
"2019-03-28","HAI",1.76,1.76,1.74,1.74,270360,1553731200
"2019-03-29","HAI",1.77,1.78,1.75,1.77,334970,1553817600
"2019-04-01","HAI",1.77,1.8,1.76,1.78,355730,1554076800
"2019-04-02","HAI",1.79,1.8,1.76,1.76,342510,1554163200
"2019-04-03","HAI",1.75,1.78,1.73,1.74,395260,1554249600
"2019-04-04","HAI",1.74,1.75,1.72,1.73,320710,1554336000
"2019-04-05","HAI",1.75,1.77,1.71,1.71,690890,1554422400
"2019-04-08","HAI",1.7,1.76,1.7,1.71,479840,1554681600
"2019-04-09","HAI",1.6,1.73,1.6,1.7,651820,1554768000
"2019-04-10","HAI",1.7,1.7,1.67,1.69,406040,1554854400
"2019-04-11","HAI",1.68,1.72,1.68,1.72,448060,1554940800
"2019-04-12","HAI",1.73,1.84,1.71,1.84,1023520,1555027200
"2019-04-16","HAI",1.8,1.95,1.8,1.88,1973030,1555372800
"2019-04-17","HAI",1.89,1.9,1.77,1.77,717100,1555459200
"2019-04-18","HAI",1.79,1.79,1.69,1.74,642060,1555545600
"2019-04-19","HAI",1.7,1.79,1.7,1.74,339140,1555632000
"2019-04-22","HAI",1.75,1.75,1.67,1.68,400590,1555891200
"2019-04-23","HAI",1.68,1.7,1.57,1.68,655900,1555977600
"2019-04-24","HAI",1.69,1.74,1.66,1.7,423380,1556064000
"2019-04-25","HAI",1.7,1.72,1.68,1.69,278060,1556150400
"2019-04-26","HAI",1.69,1.7,1.66,1.66,473820,1556236800
"2019-05-02","HAI",1.66,1.7,1.65,1.67,108550,1556755200
"2019-05-03","HAI",1.69,1.76,1.67,1.7,376610,1556841600
"2019-05-06","HAI",1.7,1.7,1.64,1.64,312950,1557100800
"2019-05-07","HAI",1.65,1.67,1.64,1.65,196600,1557187200
"2019-05-08","HAI",1.65,1.67,1.61,1.67,132640,1557273600
"2019-05-09","HAI",1.67,1.68,1.64,1.64,230800,1557360000
"2019-05-10","HAI",1.65,1.66,1.64,1.64,210950,1557446400
"2019-05-13","HAI",1.66,1.66,1.61,1.62,136590,1557705600
"2019-05-14","HAI",1.62,1.63,1.61,1.61,322030,1557792000
"2019-05-15","HAI",1.61,1.63,1.61,1.62,260520,1557878400
"2019-05-16","HAI",1.62,1.68,1.62,1.65,204310,1557964800
"2019-05-17","HAI",1.67,1.67,1.62,1.64,75900,1558051200
"2019-05-20","HAI",1.64,1.69,1.62,1.65,514300,1558310400
"2019-05-21","HAI",1.7,1.7,1.61,1.62,231220,1558396800
"2019-05-22","HAI",1.61,1.64,1.6,1.61,206810,1558483200
"2019-05-23","HAI",1.63,1.63,1.6,1.6,169050,1558569600
"2019-05-24","HAI",1.6,1.62,1.59,1.61,303470,1558656000
"2019-05-27","HAI",1.61,1.65,1.61,1.63,446580,1558915200
"2019-05-28","HAI",1.63,1.7,1.63,1.65,588180,1559001600
"2019-05-29","HAI",1.68,1.69,1.65,1.65,208650,1559088000
"2019-05-30","HAI",1.68,1.68,1.63,1.63,271290,1559174400
"2019-05-31","HAI",1.63,1.65,1.6,1.6,187170,1559260800
"2019-06-03","HAI",1.65,1.65,1.58,1.58,285490,1559520000
"2019-06-04","HAI",1.58,1.63,1.58,1.61,267310,1559606400
"2019-06-05","HAI",1.61,1.63,1.58,1.6,142170,1559692800
"2019-06-06","HAI",1.59,1.61,1.57,1.6,479570,1559779200
"2019-06-07","HAI",1.58,1.63,1.58,1.59,449630,1559865600
"2019-06-10","HAI",1.62,1.62,1.58,1.6,376310,1560124800
"2019-06-11","HAI",1.6,1.61,1.57,1.6,208840,1560211200
"2019-06-12","HAI",1.63,1.71,1.62,1.71,364920,1560297600
"2019-06-13","HAI",1.82,1.82,1.82,1.82,411860,1560384000
"2019-06-14","HAI",1.94,1.94,1.87,1.92,6980480,1560470400
"2019-06-17","HAI",1.9,1.95,1.83,1.85,1755600,1560729600
"2019-06-18","HAI",1.83,1.85,1.78,1.81,1278340,1560816000
"2019-06-19","HAI",1.77,1.92,1.76,1.85,1059420,1560902400
"2019-06-20","HAI",1.77,1.92,1.76,1.85,1059420,1560988800
"2019-06-21","HAI",1.85,1.85,1.81,1.83,584550,1561075200
"2019-06-24","HAI",1.81,1.83,1.77,1.77,788230,1561334400
"2019-06-25","HAI",1.77,1.8,1.73,1.75,1033500,1561420800
"2019-06-26","HAI",1.75,1.78,1.7,1.74,1848910,1561507200
"2019-06-27","HAI",1.74,1.74,1.7,1.74,576230,1561593600
"2019-06-28","HAI",1.74,1.75,1.72,1.73,262180,1561680000
"2019-07-01","HAI",1.73,1.75,1.72,1.74,549110,1561939200
"2019-07-02","HAI",1.74,1.75,1.71,1.71,547790,1562025600
"2019-07-03","HAI",1.71,1.82,1.71,1.82,1753780,1562112000
"2019-07-04","HAI",1.85,1.93,1.85,1.87,2705280,1562198400
"2019-07-05","HAI",1.87,1.87,1.82,1.82,702850,1562284800
"2019-07-08","HAI",1.81,1.85,1.8,1.83,784100,1562544000
"2019-07-09","HAI",1.82,1.84,1.8,1.8,888870,1562630400
"2019-07-10","HAI",1.8,1.81,1.78,1.8,754410,1562716800
"2019-07-11","HAI",1.8,1.89,1.8,1.83,1089320,1562803200
"2019-07-12","HAI",1.84,1.89,1.8,1.89,1707450,1562889600
"2019-07-15","HAI",1.89,1.89,1.82,1.83,924510,1563148800
"2019-07-16","HAI",1.83,1.86,1.82,1.84,825400,1563235200
"2019-07-17","HAI",1.83,1.84,1.82,1.82,530300,1563321600
"2019-07-18","HAI",1.82,1.94,1.82,1.94,5642190,1563408000
"2019-07-19","HAI",1.99,2.01,1.88,1.88,1899930,1563494400
"2019-07-22","HAI",1.88,1.9,1.86,1.88,664980,1563753600
"2019-07-23","HAI",1.85,1.88,1.85,1.85,1033780,1563840000
"2019-07-24","HAI",1.87,1.89,1.85,1.86,754860,1563926400
"2019-07-25","HAI",1.86,1.93,1.86,1.87,678100,1564012800
"2019-07-26","HAI",1.87,1.92,1.86,1.88,786280,1564099200
"2019-07-29","HAI",1.88,1.89,1.84,1.86,1248710,1564358400
"2019-07-30","HAI",1.85,1.89,1.83,1.83,1194500,1564444800
"2019-07-31","HAI",1.85,1.85,1.8,1.8,1197000,1564531200
"2019-08-01","HAI",1.8,1.8,1.74,1.74,1740160,1564617600
"2019-08-02","HAI",1.74,1.78,1.71,1.74,689760,1564704000
"2019-08-05","HAI",1.77,1.77,1.71,1.73,865450,1564963200
"2019-08-06","HAI",1.73,1.73,1.67,1.72,1162740,1565049600
"2019-08-07","HAI",1.72,1.77,1.71,1.72,749190,1565136000
"2019-08-08","HAI",1.71,1.75,1.71,1.73,667060,1565222400
"2019-08-09","HAI",1.75,1.75,1.72,1.73,544260,1565308800
"2019-08-12","HAI",1.73,1.74,1.7,1.72,694380,1565568000
"2019-08-13","HAI",1.72,1.72,1.68,1.69,599850,1565654400
"2019-08-14","HAI",1.69,1.72,1.68,1.69,746530,1565740800
"2019-08-15","HAI",1.7,1.7,1.66,1.68,469780,1565827200
"2019-08-16","HAI",1.7,1.71,1.67,1.68,492710,1565913600
"2019-08-19","HAI",1.7,1.7,1.66,1.68,489010,1566172800
"2019-08-20","HAI",1.67,1.7,1.67,1.67,233770,1566259200
"2019-08-21","HAI",1.67,1.68,1.65,1.67,328800,1566345600
"2019-08-22","HAI",1.67,1.67,1.64,1.63,689370,1566432000
"2019-08-23","HAI",1.65,1.74,1.63,1.73,945460,1566518400
"2019-08-26","HAI",1.7,1.72,1.65,1.68,910260,1566777600
"2019-08-27","HAI",1.7,1.7,1.67,1.68,518600,1566864000
"2019-08-28","HAI",1.68,1.68,1.65,1.65,466750,1566950400
"2019-08-29","HAI",1.65,1.68,1.64,1.65,378040,1567036800
"2019-08-30","HAI",1.65,1.66,1.63,1.64,1907270,1567123200
"2019-09-03","HAI",1.64,1.66,1.63,1.64,432190,1567468800
"2019-09-04","HAI",1.65,1.65,1.62,1.62,467950,1567555200
"2019-09-05","HAI",1.64,1.65,1.62,1.65,967100,1567641600
"2019-09-06","HAI",1.66,1.67,1.63,1.64,500030,1567728000
"2019-09-09","HAI",1.64,1.67,1.63,1.63,167270,1567987200
"2019-09-10","HAI",1.63,1.65,1.62,1.63,350450,1568073600
"2019-09-11","HAI",1.64,1.64,1.6,1.61,393790,1568160000
"2019-09-12","HAI",1.61,1.62,1.6,1.61,632450,1568246400
"2019-09-13","HAI",1.62,1.63,1.62,1.62,215930,1568332800
"2019-09-16","HAI",1.63,1.64,1.6,1.62,942760,1568592000
"2019-09-17","HAI",1.62,1.64,1.61,1.62,329240,1568678400
"2019-09-18","HAI",1.62,1.64,1.6,1.63,650580,1568764800
"2019-09-19","HAI",1.63,1.63,1.59,1.61,580550,1568851200
"2019-09-20","HAI",1.62,1.63,1.6,1.6,240740,1568937600
"2019-09-23","HAI",1.6,1.63,1.6,1.62,515660,1569196800
"2019-09-24","HAI",1.63,1.63,1.61,1.62,296510,1569283200
"2019-09-25","HAI",1.61,1.62,1.61,1.62,375710,1569369600
"2019-09-26","HAI",1.61,1.62,1.61,1.61,325900,1569456000
"2019-09-27","HAI",1.62,1.62,1.6,1.62,225450,1569542400
"2019-09-30","HAI",1.62,1.63,1.61,1.63,431140,1569801600
"2019-10-01","HAI",1.63,1.64,1.61,1.63,358670,1569888000
"2019-10-02","HAI",1.62,1.63,1.6,1.61,787620,1569974400
"2019-10-03","HAI",1.59,1.61,1.58,1.59,586890,1570060800
"2019-10-04","HAI",1.59,1.62,1.59,1.62,316270,1570147200
"2019-10-07","HAI",1.6,1.62,1.59,1.6,343270,1570406400
"2019-10-08","HAI",1.6,1.6,1.57,1.58,454770,1570492800
"2019-10-09","HAI",1.58,1.6,1.57,1.58,303990,1570579200
"2019-10-10","HAI",1.59,1.6,1.56,1.57,316910,1570665600
"2019-10-11","HAI",1.56,1.62,1.56,1.58,666320,1570752000
"2019-10-14","HAI",1.58,1.69,1.58,1.69,1106710,1571011200
"2019-10-15","HAI",1.79,1.79,1.72,1.78,2976660,1571097600
"2019-10-16","HAI",1.78,1.78,1.69,1.71,1862270,1571184000
"2019-10-17","HAI",1.7,1.73,1.65,1.7,939110,1571270400
"2019-10-18","HAI",1.68,1.81,1.68,1.78,1611620,1571356800
"2019-10-21","HAI",1.76,1.9,1.76,1.9,3183010,1571616000
"2019-10-22","HAI",2,2.03,1.81,1.81,7877330,1571702400
"2019-10-23","HAI",1.81,1.83,1.76,1.76,1688350,1571788800
"2019-10-24","HAI",1.76,1.82,1.74,1.77,1426310,1571875200
"2019-10-25","HAI",1.76,1.79,1.72,1.76,1220860,1571961600
"2019-10-28","HAI",1.75,1.88,1.74,1.88,2354530,1572220800
"2019-10-29","HAI",1.94,2,1.87,1.95,2883330,1572307200
"2019-10-30","HAI",1.94,1.99,1.9,1.89,1830390,1572393600
"2019-10-31","HAI",1.85,1.88,1.76,1.81,3626720,1572480000
"2019-11-01","HAI",1.81,1.93,1.76,1.88,1922220,1572566400
"2019-11-04","HAI",1.93,2,1.93,1.96,2856890,1572825600
"2019-11-05","HAI",1.98,1.98,1.9,1.89,2028200,1572912000
"2019-11-06","HAI",1.87,1.92,1.85,1.89,2351270,1572998400
"2019-11-07","HAI",1.87,1.91,1.85,1.85,1153130,1573084800
"2019-11-08","HAI",1.87,1.89,1.84,1.85,670090,1573171200
"2019-11-11","HAI",1.89,1.89,1.85,1.89,822400,1573430400
"2019-11-12","HAI",1.89,2.02,1.89,2.02,7955550,1573516800
"2019-11-13","HAI",2.09,2.16,2.08,2.16,3054500,1573603200
"2019-11-14","HAI",2.31,2.31,2.31,2.31,1216980,1573689600
"2019-11-15","HAI",2.47,2.47,2.15,2.15,15701750,1573776000
"2019-11-18","HAI",2.14,2.3,2.05,2.3,3333330,1574035200
"2019-11-19","HAI",2.4,2.46,2.32,2.46,3862560,1574121600
"2019-11-20","HAI",2.4,2.53,2.31,2.38,3949510,1574208000
"2019-11-21","HAI",2.35,2.38,2.27,2.3,2445140,1574294400
"2019-11-22","HAI",2.22,2.32,2.14,2.14,3194900,1574380800
"2019-11-25","HAI",2.14,2.25,2.13,2.2,2025480,1574640000
"2019-11-26","HAI",2.26,2.26,2.14,2.17,734180,1574726400
"2019-11-27","HAI",2.17,2.32,2.15,2.32,3983820,1574812800
"2019-11-28","HAI",2.42,2.42,2.27,2.3,2396600,1574899200
"2019-11-29","HAI",2.3,2.45,2.3,2.39,3561230,1574985600
"2019-12-02","HAI",2.46,2.55,2.4,2.54,6869950,1575244800
"2019-12-03","HAI",2.55,2.71,2.44,2.71,5274260,1575331200
"2019-12-04","HAI",2.79,2.89,2.79,2.89,4058570,1575417600
"2019-12-05","HAI",3.08,3.09,2.69,2.69,5616390,1575504000
"2019-12-06","HAI",2.75,2.87,2.75,2.87,7471100,1575590400
"2019-12-09","HAI",3.07,3.07,2.98,3.07,3921460,1575849600
"2019-12-10","HAI",3.22,3.28,3.05,3.17,5153150,1575936000
"2019-12-11","HAI",3.15,3.39,3.11,3.39,5645910,1576022400
"2019-12-12","HAI",3.5,3.62,3.5,3.62,5111080,1576108800
"2019-12-13","HAI",3.85,3.87,3.45,3.86,11140720,1576195200
"2019-12-16","HAI",3.92,4.13,3.9,4.13,4310370,1576454400
"2019-12-17","HAI",4.37,4.41,3.85,4.3,9288150,1576540800
"2019-12-18","HAI",4.15,4.44,4,4,4763980,1576627200
"2019-12-19","HAI",3.72,4.1,3.72,3.72,12877590,1576713600
"2019-12-20","HAI",3.51,3.91,3.46,3.85,6064570,1576800000
"2019-12-23","HAI",4.05,4.1,3.75,3.87,4252680,1577059200
"2019-12-24","HAI",3.8,3.85,3.72,3.76,3878680,1577145600
"2019-12-25","HAI",3.72,3.77,3.5,3.5,8669550,1577232000
"2019-12-26","HAI",3.4,3.5,3.26,3.26,5903350,1577318400
"2019-12-27","HAI",3.4,3.45,3.2,3.25,4178780,1577404800
"2019-12-30","HAI",3.11,3.29,3.03,3.03,3427650,1577664000
"2019-12-31","HAI",2.84,3.08,2.82,2.82,7386610,1577750400
"2020-01-02","HAI",2.82,3.01,2.8,3.01,2310060,1577923200
"2020-01-03","HAI",3.15,3.22,3.05,3.07,4770320,1578009600
"2020-01-06","HAI",3.01,3.12,2.87,2.9,2690930,1578268800
"2020-01-07","HAI",2.9,3.1,2.88,3.09,3718920,1578355200
"2020-01-08","HAI",3.03,3.08,2.88,2.88,3536240,1578441600
"2020-01-09","HAI",2.96,3.04,2.86,2.88,2079120,1578528000
"2020-01-10","HAI",2.88,2.94,2.68,2.68,5425850,1578614400
"2020-01-13","HAI",2.57,2.65,2.5,2.5,3868180,1578873600
"2020-01-14","HAI",2.43,2.66,2.39,2.45,1817510,1578960000
"2020-01-15","HAI",2.5,2.59,2.3,2.37,2432850,1579046400
"2020-01-16","HAI",2.42,2.42,2.22,2.29,4209660,1579132800
"2020-01-17","HAI",2.29,2.45,2.22,2.37,2763790,1579219200
"2020-01-20","HAI",2.4,2.46,2.36,2.44,1275720,1579478400
"2020-01-21","HAI",2.4,2.61,2.37,2.61,2610100,1579564800
"2020-01-22","HAI",2.75,2.79,2.61,2.79,3134920,1579651200
"2020-01-30","HAI",2.78,2.78,2.6,2.6,2180550,1580342400
"2020-01-31","HAI",2.44,2.54,2.42,2.42,3568840,1580428800
"2020-02-03","HAI",2.26,2.54,2.26,2.42,3781150,1580688000
"2020-02-04","HAI",2.49,2.57,2.4,2.56,2833320,1580774400
"2020-02-05","HAI",2.56,2.63,2.42,2.5,2712650,1580860800
"2020-02-06","HAI",2.5,2.57,2.41,2.54,2137860,1580947200
"2020-02-07","HAI",2.49,2.67,2.45,2.56,3156090,1581033600
"2020-02-10","HAI",2.53,2.58,2.46,2.47,2055530,1581292800
"2020-02-11","HAI",2.45,2.52,2.44,2.46,2693420,1581379200
"2020-02-12","HAI",2.46,2.63,2.46,2.63,5425510,1581465600
"2020-02-13","HAI",2.63,2.78,2.63,2.71,3062890,1581552000
"2020-02-14","HAI",2.73,2.85,2.54,2.54,5722900,1581638400
"2020-02-17","HAI",2.54,2.64,2.5,2.54,2996790,1581897600
"2020-02-18","HAI",2.57,2.65,2.53,2.6,2979750,1581984000
"2020-02-19","HAI",2.62,2.78,2.6,2.78,5732830,1582070400
"2020-02-20","HAI",2.92,2.97,2.82,2.82,5278780,1582156800
"2020-02-21","HAI",2.78,2.83,2.63,2.63,5042580,1582243200
"2020-02-24","HAI",2.51,2.57,2.45,2.45,6035960,1582502400
"2020-02-25","HAI",2.31,2.62,2.31,2.62,4058550,1582588800
"2020-02-26","HAI",2.5,2.7,2.5,2.53,2739560,1582675200
"2020-02-27","HAI",2.52,2.66,2.52,2.62,2577590,1582761600
"2020-02-28","HAI",2.55,2.58,2.49,2.54,2951590,1582848000
"2020-03-02","HAI",2.71,2.71,2.65,2.67,7951200,1583107200
"2020-03-03","HAI",2.85,2.85,2.84,2.85,4303480,1583193600
"2020-03-04","HAI",3.04,3.04,3.04,3.04,1820150,1583280000
"2020-03-05","HAI",3.25,3.25,3.15,3.25,13556880,1583366400
"2020-03-06","HAI",3.08,3.43,3.08,3.34,5789800,1583452800
"2020-03-09","HAI",3.11,3.11,3.11,3.11,1033700,1583712000
"2020-03-10","HAI",2.9,3.32,2.9,3.32,15910280,1583798400
"2020-03-11","HAI",3.55,3.55,3.25,3.55,14583690,1583884800
"2020-03-12","HAI",3.35,3.79,3.35,3.78,8219340,1583971200
"2020-03-13","HAI",3.55,4.02,3.53,4,9616110,1584057600
"2020-03-16","HAI",4.25,4.28,4.19,4.28,6171010,1584316800
"2020-03-17","HAI",4.57,4.57,4.57,4.57,1617280,1584403200
"2020-03-18","HAI",4.88,4.88,4.88,4.88,1238630,1584489600
"2020-03-19","HAI",5.22,5.22,4.54,4.54,23291970,1584576000
"2020-03-20","HAI",4.23,4.23,4.23,4.23,1305990,1584662400
"2020-03-23","HAI",3.94,3.94,3.94,3.94,54380,1584921600
"2020-03-24","HAI",3.67,3.67,3.67,3.67,619110,1585008000
"2020-03-25","HAI",3.42,3.6,3.42,3.42,8504000,1585094400
"2020-03-26","HAI",3.19,3.19,3.19,3.19,315570,1585180800
"2020-03-27","HAI",2.97,2.97,2.97,2.97,361460,1585267200
"2020-03-30","HAI",2.77,2.77,2.77,2.77,184000,1585526400
"2020-03-31","HAI",2.58,2.58,2.58,2.58,3410100,1585612800
"2020-04-01","HAI",2.4,2.76,2.4,2.76,11794890,1585699200
"2020-04-03","HAI",2.85,2.95,2.8,2.95,6539200,1585872000
"2020-04-06","HAI",3.1,3.1,2.75,2.75,13639240,1586131200
"2020-04-07","HAI",2.61,2.76,2.56,2.59,8741980,1586217600
"2020-04-08","HAI",2.59,2.77,2.59,2.77,3029830,1586304000
"2020-04-09","HAI",2.81,2.95,2.73,2.74,4629650,1586390400
"2020-04-10","HAI",2.67,2.72,2.55,2.64,7050350,1586476800
"2020-04-13","HAI",2.65,2.72,2.56,2.7,2267620,1586736000
"2020-04-14","HAI",2.7,2.7,2.61,2.64,3208600,1586822400
"2020-04-15","HAI",2.63,2.82,2.63,2.8,3946790,1586908800
"2020-04-16","HAI",2.8,2.88,2.7,2.73,3368290,1586995200
"2020-04-17","HAI",2.73,2.78,2.7,2.72,3546430,1587081600
"2020-04-20","HAI",2.79,2.82,2.71,2.75,3109120,1587340800
"2020-04-21","HAI",2.72,2.9,2.67,2.75,4311930,1587427200
"2020-04-22","HAI",2.72,2.89,2.71,2.87,4745800,1587513600
"2020-04-23","HAI",2.94,2.94,2.85,2.87,2324140,1587600000
"2020-04-24","HAI",2.83,3.07,2.8,3.07,6242200,1587686400
"2020-04-27","HAI",3.28,3.28,3.05,3.05,5433630,1587945600
"2020-04-28","HAI",3.05,3.09,2.92,2.96,3176950,1588032000
"2020-04-29","HAI",2.93,3.12,2.9,2.96,4150320,1588118400
"2020-05-04","HAI",2.8,2.89,2.76,2.76,6432870,1588550400
"2020-05-05","HAI",2.72,2.88,2.58,2.85,3519720,1588636800
"2020-05-06","HAI",2.85,3,2.83,2.98,1949410,1588723200
"2020-05-07","HAI",2.97,2.99,2.82,2.82,2964410,1588809600
"2020-05-08","HAI",2.85,2.92,2.81,2.83,2780990,1588896000
"2020-05-11","HAI",2.8,2.88,2.8,2.85,2156670,1589155200
"2020-05-12","HAI",2.83,2.94,2.82,2.89,2933710,1589241600
"2020-05-13","HAI",2.89,3.05,2.87,2.97,4463180,1589328000
"2020-05-14","HAI",3.03,3.17,3,3.1,5099870,1589414400
"2020-05-15","HAI",3.1,3.17,2.95,3.02,4693420,1589500800
"2020-05-18","HAI",3.09,3.09,2.96,2.98,2887820,1589760000
"2020-05-19","HAI",3,3.03,2.95,2.96,1951810,1589846400
"2020-05-20","HAI",2.98,3.1,2.95,3.08,2264450,1589932800
"2020-05-21","HAI",3.19,3.19,2.99,3.01,3101150,1590019200
"2020-05-22","HAI",3.01,3.02,2.97,3.01,1598570,1590105600
"2020-05-25","HAI",3.04,3.14,3.01,3.05,3498690,1590364800
"2020-05-26","HAI",3.05,3.12,3.02,3.05,1901490,1590451200
"2020-05-27","HAI",3.05,3.08,2.99,2.99,2602720,1590537600
"2020-05-28","HAI",2.98,3.04,2.98,3,1616860,1590624000
"2020-05-29","HAI",3,3.15,2.99,3.06,2776770,1590710400
"2020-06-01","HAI",3.12,3.27,3.06,3.27,7479480,1590969600
"2020-06-02","HAI",3.39,3.39,3.08,3.08,3528990,1591056000
"2020-06-03","HAI",3.02,3.26,3.02,3.12,2242050,1591142400
"2020-06-04","HAI",3.12,3.29,3.1,3.19,3759960,1591228800
"2020-06-05","HAI",3.3,3.4,3.18,3.4,3909340,1591315200
"2020-06-08","HAI",3.53,3.63,3.43,3.6,5021830,1591574400
"2020-06-09","HAI",3.57,3.63,3.35,3.35,8371490,1591660800
"2020-06-10","HAI",3.35,3.5,3.17,3.36,4913580,1591747200
"2020-06-11","HAI",3.36,3.59,3.2,3.2,4283630,1591833600
"2020-06-12","HAI",3.1,3.3,3.1,3.26,3670320,1591920000
"2020-06-15","HAI",3.35,3.37,3.15,3.22,3129510,1592179200
"2020-06-16","HAI",3.3,3.35,3.22,3.32,2725840,1592265600
"2020-06-17","HAI",3.35,3.55,3.34,3.55,10307930,1592352000
"2020-06-18","HAI",3.7,3.79,3.56,3.6,6537560,1592438400
"2020-06-19","HAI",3.5,3.77,3.5,3.7,3163140,1592524800
"2020-06-22","HAI",3.71,3.8,3.61,3.61,5054370,1592784000
"2020-06-23","HAI",3.61,3.86,3.61,3.86,6537620,1592870400
"2020-06-24","HAI",3.86,3.97,3.59,3.7,4594010,1592956800
"2020-06-25","HAI",3.65,3.73,3.6,3.73,2320040,1593043200
"2020-06-26","HAI",3.73,3.79,3.47,3.47,7924920,1593129600
"2020-06-29","HAI",3.45,3.46,3.23,3.23,6454830,1593388800
"2020-06-30","HAI",3.23,3.29,3.01,3.01,6232850,1593475200
"2020-07-01","HAI",2.96,3.22,2.83,3.21,3914470,1593561600
"2020-07-02","HAI",3.15,3.24,3,3.07,1905090,1593648000
"2020-07-03","HAI",3.06,3.13,3.05,3.09,1461670,1593734400
"2020-07-06","HAI",3.23,3.23,3.11,3.15,1867530,1593993600
"2020-07-07","HAI",3.15,3.19,3.03,3.03,2452910,1594080000
"2020-07-08","HAI",3.03,3.09,2.99,3.05,1488940,1594166400
"2020-07-09","HAI",3.06,3.26,3.05,3.26,3951270,1594252800
"2020-07-10","HAI",3.19,3.26,3.08,3.09,2236060,1594339200
"2020-07-13","HAI",3.15,3.15,3.08,3.09,1180210,1594598400
"2020-07-14","HAI",3.05,3.15,3.02,3.1,2274510,1594684800
"2020-07-15","HAI",3.15,3.15,3.06,3.06,1470600,1594771200
"2020-07-16","HAI",3.06,3.1,3.04,3.04,2395920,1594857600
"2020-07-17","HAI",3.04,3.09,3.02,3.03,2313200,1594944000
"2020-07-20","HAI",3.02,3.09,2.9,2.9,3820400,1595203200
"2020-07-21","HAI",2.91,2.98,2.89,2.94,1954930,1595289600
"2020-07-22","HAI",2.96,2.97,2.87,2.87,1703340,1595376000
"2020-07-23","HAI",2.85,2.89,2.68,2.75,3218290,1595462400
"2020-07-24","HAI",2.71,2.74,2.56,2.56,6002330,1595548800
"2020-07-27","HAI",2.39,2.45,2.39,2.39,3810700,1595808000
"2020-07-28","HAI",2.25,2.55,2.25,2.55,4356630,1595894400
"2020-07-29","HAI",2.41,2.44,2.38,2.38,3712880,1595980800
"2020-07-30","HAI",2.38,2.45,2.35,2.36,1196590,1596067200
"2020-07-31","HAI",2.3,2.35,2.2,2.21,2793790,1596153600
"2020-08-03","HAI",2.23,2.36,2.23,2.36,2303080,1596412800
"2020-08-04","HAI",2.49,2.52,2.45,2.52,4413550,1596499200
"2020-08-05","HAI",2.53,2.63,2.44,2.47,2225700,1596585600
"2020-08-06","HAI",2.45,2.5,2.39,2.4,2492700,1596672000
"2020-08-07","HAI",2.4,2.56,2.38,2.48,2328710,1596758400
"2020-08-10","HAI",2.51,2.64,2.51,2.53,2241860,1597017600
"2020-08-11","HAI",2.58,2.58,2.5,2.53,1346320,1597104000
"2020-08-12","HAI",2.51,2.55,2.51,2.52,1344460,1597190400
"2020-08-13","HAI",2.54,2.63,2.53,2.56,2751040,1597276800
"2020-08-14","HAI",2.56,2.69,2.55,2.56,3248920,1597363200
"2020-08-17","HAI",2.6,2.64,2.55,2.59,2233830,1597622400
"2020-08-18","HAI",2.61,2.64,2.58,2.58,1194120,1597708800
"2020-08-19","HAI",2.58,2.61,2.57,2.58,1834140,1597795200
"2020-08-20","HAI",2.58,2.59,2.5,2.53,2369070,1597881600
"2020-08-21","HAI",2.56,2.7,2.54,2.67,4165640,1597968000
"2020-08-24","HAI",2.77,2.77,2.7,2.73,3600760,1598227200
"2020-08-25","HAI",2.76,2.76,2.69,2.7,2564220,1598313600
"2020-08-26","HAI",2.68,2.71,2.64,2.64,3261930,1598400000
"2020-08-27","HAI",2.63,2.68,2.63,2.68,1781160,1598486400
"2020-08-28","HAI",2.67,2.69,2.66,2.66,2148350,1598572800
"2020-08-31","HAI",2.66,2.71,2.64,2.66,1678820,1598832000
"2020-09-01","HAI",2.66,2.77,2.66,2.7,2898110,1598918400
"2020-09-03","HAI",2.75,2.77,2.69,2.71,2044020,1599091200
"2020-09-04","HAI",2.65,2.72,2.64,2.69,2564080,1599177600
"2020-09-07","HAI",2.7,2.74,2.65,2.65,2415860,1599436800
"2020-09-08","HAI",2.67,2.73,2.65,2.7,1673990,1599523200
"2020-09-09","HAI",2.67,2.74,2.67,2.71,1865380,1599609600
"2020-09-10","HAI",2.71,2.78,2.7,2.73,3099560,1599696000
"2020-09-11","HAI",2.76,2.87,2.74,2.82,4110050,1599782400
"2020-09-14","HAI",2.88,2.88,2.79,2.8,1942750,1600041600
"2020-09-15","HAI",2.8,2.85,2.75,2.76,2563410,1600128000
"2020-09-16","HAI",2.76,2.79,2.72,2.75,1988110,1600214400
"2020-09-17","HAI",2.75,2.77,2.72,2.73,1713690,1600300800
"2020-09-18","HAI",2.73,2.75,2.71,2.74,1593090,1600387200
"2020-09-21","HAI",2.75,2.77,2.7,2.7,1990670,1600646400
"2020-09-22","HAI",2.7,2.72,2.62,2.68,3950340,1600732800
"2020-09-23","HAI",2.67,2.71,2.65,2.68,1891150,1600819200
"2020-09-24","HAI",2.69,2.69,2.66,2.66,1339180,1600905600
"2020-09-25","HAI",2.68,2.68,2.65,2.65,1761870,1600992000
"2020-09-28","HAI",2.65,2.79,2.65,2.72,2931880,1601251200
"2020-09-29","HAI",2.75,2.8,2.69,2.69,3221340,1601337600
"2020-09-30","HAI",2.73,2.73,2.68,2.69,895770,1601424000
"2020-10-01","HAI",2.72,2.72,2.65,2.67,2273450,1601510400
"2020-10-02","HAI",2.69,2.72,2.63,2.68,3074450,1601596800
"2020-10-05","HAI",2.7,2.75,2.69,2.72,2845760,1601856000
"2020-10-06","HAI",2.74,2.87,2.69,2.84,5632980,1601942400
"2020-10-07","HAI",2.86,2.98,2.81,2.85,5198060,1602028800
"2020-10-08","HAI",2.85,2.87,2.76,2.78,3218980,1602115200
"2020-10-09","HAI",2.77,2.78,2.71,2.72,2525510,1602201600
"2020-10-12","HAI",2.72,2.85,2.7,2.78,2588390,1602460800
"2020-10-13","HAI",2.75,2.77,2.72,2.73,1088420,1602547200
"2020-10-14","HAI",2.74,2.78,2.72,2.72,1592890,1602633600
"2020-10-15","HAI",2.75,2.75,2.7,2.72,1704280,1602720000
"2020-10-16","HAI",2.72,2.74,2.7,2.72,932420,1602806400
"2020-10-19","HAI",2.7,2.74,2.69,2.69,1298480,1603065600
"2020-10-20","HAI",2.69,2.75,2.68,2.73,1618480,1603152000
"2020-10-21","HAI",2.74,2.78,2.72,2.74,1623720,1603238400
"2020-10-22","HAI",2.74,2.75,2.71,2.74,1383890,1603324800
"2020-10-23","HAI",2.93,2.93,2.9,2.93,5186330,1603411200
"2020-10-26","HAI",3.1,3.1,2.8,2.81,6217690,1603670400
"2020-10-27","HAI",2.81,2.94,2.78,2.84,2892080,1603756800
"2020-10-28","HAI",2.79,2.91,2.78,2.84,4416480,1603843200
"2020-10-29","HAI",2.83,2.9,2.8,2.88,2251640,1603929600
"2020-10-30","HAI",2.9,2.96,2.84,2.9,3090030,1604016000
"2020-11-02","HAI",2.89,2.98,2.85,2.96,4082460,1604275200
"2020-11-03","HAI",2.96,2.97,2.81,2.81,3089800,1604361600
"2020-11-04","HAI",2.82,2.93,2.8,2.87,2339510,1604448000
"2020-11-05","HAI",2.87,2.89,2.8,2.8,2338080,1604534400
"2020-11-06","HAI",2.8,2.86,2.8,2.85,1887980,1604620800
"2020-11-09","HAI",2.87,2.95,2.83,2.84,2672880,1604880000
"2020-11-10","HAI",2.89,2.89,2.77,2.77,2726360,1604966400
"2020-11-11","HAI",2.81,2.85,2.77,2.8,2192820,1605052800
"2020-11-12","HAI",2.8,2.81,2.74,2.75,2447020,1605139200
"2020-11-13","HAI",2.75,2.81,2.75,2.79,1974270,1605225600
"2020-11-16","HAI",2.79,2.82,2.74,2.74,2224620,1605484800
"2020-11-17","HAI",2.76,2.77,2.74,2.74,1174740,1605571200
"2020-11-18","HAI",2.76,2.77,2.73,2.76,1559610,1605657600
"2020-11-19","HAI",2.74,2.78,2.73,2.78,1678670,1605744000
"2020-11-20","HAI",2.76,2.79,2.75,2.76,1761580,1605830400
"2020-11-23","HAI",2.75,2.8,2.75,2.75,1430200,1606089600
"2020-11-24","HAI",2.78,2.78,2.71,2.73,2011050,1606176000
"2020-11-25","HAI",2.72,2.75,2.71,2.71,1172680,1606262400
"2020-11-26","HAI",2.73,2.73,2.7,2.7,1249850,1606348800
"2020-11-27","HAI",2.69,2.77,2.69,2.72,2158120,1606435200
"2020-11-30","HAI",2.74,2.74,2.7,2.71,946370,1606694400
"2020-12-01","HAI",2.68,2.71,2.65,2.68,2088210,1606780800
"2020-12-02","HAI",2.69,2.71,2.67,2.69,1314780,1606867200
"2020-12-03","HAI",2.7,2.73,2.67,2.71,1509710,1606953600
"2020-12-04","HAI",2.71,2.74,2.69,2.69,1414150,1607040000
"2020-12-07","HAI",2.71,2.72,2.69,2.71,906180,1607299200
"2020-12-08","HAI",2.72,2.78,2.72,2.73,2695680,1607385600
"2020-12-09","HAI",2.73,2.79,2.73,2.75,2247040,1607472000
"2020-12-10","HAI",2.77,2.82,2.71,2.72,3404370,1607558400
"2020-12-11","HAI",2.65,2.7,2.64,2.67,4912070,1607644800
"2020-12-14","HAI",2.68,2.71,2.66,2.7,2462350,1607904000
"2020-12-15","HAI",2.7,2.75,2.66,2.68,2326440,1607990400
"2020-12-16","HAI",2.69,2.74,2.69,2.71,2091720,1608076800
"2020-12-17","HAI",2.71,2.71,2.68,2.7,1716300,1608163200
"2020-12-18","HAI",2.7,2.7,2.68,2.68,1433640,1608249600
"2020-12-21","HAI",2.68,2.71,2.68,2.68,2646850,1608508800
"2020-12-22","HAI",2.68,2.86,2.68,2.84,6521050,1608595200
"2020-12-23","HAI",2.89,2.93,2.81,2.83,5413130,1608681600
"2020-12-24","HAI",2.83,2.84,2.66,2.72,2522370,1608768000
"2020-12-25","HAI",2.72,2.8,2.68,2.74,3384730,1608854400
"2020-12-28","HAI",2.8,2.8,2.73,2.74,2658740,1609113600
"2020-12-29","HAI",2.74,2.81,2.74,2.8,4010060,1609200000
"2020-12-30","HAI",2.8,2.93,2.79,2.88,6440380,1609286400
"2020-12-31","HAI",2.88,2.98,2.88,2.92,4541480,1609372800
"2021-01-04","HAI",3,3,2.92,2.92,3427800,1609718400
"2021-01-05","HAI",2.9,2.9,2.85,2.86,3765400,1609804800
"2021-01-06","HAI",2.86,2.88,2.8,2.83,3408300,1609891200
"2021-01-07","HAI",2.83,2.96,2.8,2.9,3962000,1609977600
"2021-01-08","HAI",2.91,3.05,2.9,2.99,4661300,1610064000
"2021-01-11","HAI",3.07,3.19,3.03,3.19,6520200,1610323200
"2021-01-12","HAI",3.3,3.4,3.15,3.3,5272500,1610409600
"2021-01-13","HAI",3.28,3.39,3.18,3.2,5686500,1610496000
"2021-01-14","HAI",3.19,3.3,3.13,3.28,4750100,1610582400
"2021-01-15","HAI",3.29,3.47,3.29,3.46,5137100,1610668800
"2021-01-18","HAI",3.7,3.7,3.22,3.7,4745000,1610928000
"2021-01-19","HAI",3.7,3.77,3.45,3.45,6057000,1611014400
"2021-01-20","HAI",3.38,3.45,3.21,3.26,8232100,1611100800
"2021-01-21","HAI",3.33,3.48,3.2,3.47,6622700,1611187200
"2021-01-22","HAI",3.5,3.66,3.35,3.37,5331600,1611273600
"2021-01-25","HAI",3.3,3.55,3.18,3.46,5744800,1611532800
"2021-01-26","HAI",3.38,3.44,3.22,3.33,4722700,1611619200
"2021-01-27","HAI",3.23,3.3,3.1,3.12,4499000,1611705600
"2021-01-28","HAI",2.91,2.98,2.91,2.91,3321500,1611792000
"2021-01-29","HAI",2.71,2.95,2.71,2.82,4708800,1611878400
"2021-02-01","HAI",3.01,3.01,2.82,2.83,5676500,1612137600
"2021-02-02","HAI",2.88,2.97,2.83,2.97,2298600,1612224000
"2021-02-03","HAI",3,3.03,2.95,2.99,3274600,1612310400
"2021-02-04","HAI",2.99,3.15,2.91,3,2186100,1612396800
"2021-02-05","HAI",2.99,3.1,2.95,3,2790500,1612483200
"2021-02-08","HAI",2.99,3.07,2.85,2.87,3125400,1612742400
"2021-02-09","HAI",2.87,2.96,2.85,2.96,2134700,1612828800
"2021-02-17","HAI",3,3.14,2.97,3.1,2590400,1613520000
"2021-02-18","HAI",3.08,3.13,3.01,3.06,3535600,1613606400
"2021-02-19","HAI",3.04,3.07,3,3.04,2246700,1613692800
"2021-02-22","HAI",3.04,3.11,3.03,3.08,2655900,1613952000
"2021-02-23","HAI",3.1,3.29,3.07,3.28,5182000,1614038400
"2021-02-24","HAI",3.3,3.35,3.13,3.16,3130600,1614124800
"2021-02-25","HAI",3.2,3.22,3.05,3.12,2218500,1614211200
"2021-02-26","HAI",3.05,3.16,3.02,3.15,2576000,1614297600
"2021-03-01","HAI",3.14,3.18,3.12,3.15,1651100,1614556800
"2021-03-02","HAI",3.2,3.2,3.06,3.15,1696700,1614643200
"2021-03-03","HAI",3.15,3.2,3.11,3.16,2672300,1614729600
"2021-03-04","HAI",3.22,3.27,3.1,3.15,2568200,1614816000
"2021-03-05","HAI",3.15,3.17,3.08,3.17,1723800,1614902400
"2021-03-08","HAI",3.2,3.24,3.17,3.22,2483700,1615161600
"2021-03-09","HAI",3.22,3.35,3.1,3.34,3369000,1615248000
"2021-03-10","HAI",3.36,3.42,3.3,3.4,3143900,1615334400
"2021-03-11","HAI",3.35,3.38,3.25,3.31,3156100,1615420800
"2021-03-12","HAI",3.32,3.34,3.26,3.3,2451500,1615507200
"2021-03-15","HAI",3.34,3.53,3.32,3.5,8244200,1615766400
"2021-03-16","HAI",3.5,3.54,3.37,3.49,3944800,1615852800
"2021-03-17","HAI",3.4,3.48,3.3,3.44,4624600,1615939200
"2021-03-18","HAI",3.42,3.44,3.37,3.44,2553800,1616025600
"2021-03-19","HAI",3.42,3.6,3.4,3.6,5123800,1616112000
"2021-03-22","HAI",3.63,3.8,3.55,3.8,7257400,1616371200
"2021-03-23","HAI",3.8,3.88,3.65,3.79,6953800,1616457600
"2021-03-24","HAI",3.66,3.8,3.55,3.55,4555900,1616544000
"2021-03-25","HAI",3.55,3.71,3.4,3.61,5879400,1616630400
"2021-03-26","HAI",3.54,3.65,3.38,3.42,4939800,1616716800
"2021-03-29","HAI",3.52,3.65,3.52,3.65,3847800,1616976000
"2021-03-30","HAI",3.9,3.9,3.82,3.9,11523100,1617062400
"2021-03-31","HAI",4.07,4.17,3.7,4.04,11810700,1617148800
"2021-04-01","HAI",3.95,4,3.8,3.9,4809100,1617235200
"2021-04-02","HAI",3.85,4.09,3.85,3.94,3808100,1617321600
"2021-04-05","HAI",3.96,4.09,3.95,4.08,4992800,1617580800
"2021-04-06","HAI",4.06,4.36,4.06,4.36,8561400,1617667200
"2021-04-07","HAI",4.5,4.63,4.42,4.49,4678900,1617753600
"2021-04-08","HAI",4.47,4.47,4.18,4.23,6239500,1617840000
"2021-04-09","HAI",4.3,4.52,4.23,4.52,7705600,1617926400
"2021-04-12","HAI",4.8,4.83,4.79,4.83,2980000,1618185600
"2021-04-13","HAI",5.1,5.16,4.9,5.04,14734600,1618272000
"2021-04-14","HAI",4.87,5.39,4.83,5.39,11066400,1618358400
"2021-04-15","HAI",5.75,5.76,5.72,5.76,7343700,1618444800
"2021-04-16","HAI",5.75,6.16,5.4,6,13522800,1618531200
"2021-04-19","HAI",5.8,6,5.58,5.58,20798600,1618790400
"2021-04-20","HAI",5.22,5.97,5.19,5.95,13819200,1618876800
"2021-04-22","HAI",5.9,6.15,5.7,5.7,5960800,1619049600
"2021-04-23","HAI",5.55,6,5.52,5.79,6753200,1619136000
"2021-04-26","HAI",5.7,5.7,5.39,5.39,5589600,1619395200
"2021-04-27","HAI",5.04,5.19,5.02,5.03,9347800,1619481600
"2021-04-28","HAI",5.03,5.3,5,5.23,3212200,1619568000
"2021-04-29","HAI",5.3,5.44,5.1,5.2,2405100,1619654400
"2021-05-04","HAI",4.88,5,4.84,4.87,6338300,1620086400
"2021-05-05","HAI",4.99,5.21,4.92,5.2,6462200,1620172800
"2021-05-06","HAI",5.31,5.52,4.84,4.94,14724000,1620259200
"2021-05-07","HAI",4.86,4.95,4.6,4.65,8440000,1620345600
"2021-05-10","HAI",4.86,4.8,4.5,4.5,3484700,1620604800
"2021-05-11","HAI",4.52,4.74,4.51,4.64,4551300,1620691200
"2021-05-12","HAI",4.75,4.84,4.64,4.82,3361800,1620777600
"2021-05-13","HAI",4.82,5.05,4.82,4.89,3764700,1620864000
"2021-05-14","HAI",4.91,5.2,4.91,5.15,6358000,1620950400
"2021-05-17","HAI",5.25,5.35,5.1,5.15,4590200,1621209600
"2021-05-18","HAI",5.18,5.3,5.01,5.01,3479900,1621296000
"2021-05-19","HAI",5.01,5.15,4.88,4.9,4446500,1621382400
"2021-05-20","HAI",4.9,4.93,4.72,4.73,4080300,1621468800
"2021-05-21","HAI",4.75,4.96,4.75,4.85,2682300,1621555200
"2021-05-24","HAI",4.96,4.96,4.78,4.78,3075200,1621814400
"2021-05-25","HAI",4.8,4.87,4.45,4.58,8840800,1621900800
"2021-05-26","HAI",4.58,4.61,4.35,4.43,4866800,1621987200
"2021-05-27","HAI",4.41,4.5,4.21,4.34,3024200,1622073600
"2021-05-28","HAI",4.28,4.62,4.27,4.62,3610000,1622160000
"2021-05-31","HAI",4.59,4.59,4.4,4.5,2349500,1622419200
"2021-06-01","HAI",4.48,4.52,4.43,4.48,1903500,1622505600
"2021-06-02","HAI",4.45,4.69,4.44,4.6,3286000,1622592000
"2021-06-03","HAI",4.71,4.8,4.67,4.8,4529700,1622678400
"2021-06-04","HAI",4.83,4.88,4.6,4.71,4510200,1622764800
"2021-06-07","HAI",4.61,4.69,4.49,4.57,3239100,1623024000
"2021-06-08","HAI",4.51,4.68,4.48,4.48,2826700,1623110400
"2021-06-09","HAI",4.46,4.6,4.42,4.5,2577900,1623196800
"2021-06-10","HAI",4.6,4.62,4.49,4.49,1892400,1623283200
"2021-06-11","HAI",4.5,4.61,4.48,4.51,2555000,1623369600
"2021-06-14","HAI",4.5,4.56,4.48,4.51,1927800,1623628800
"2021-06-15","HAI",4.51,4.52,4.44,4.47,2039400,1623715200
"2021-06-16","HAI",4.47,4.6,4.45,4.52,2870100,1623801600
"2021-06-17","HAI",4.53,4.79,4.5,4.75,4488900,1623888000
"2021-06-18","HAI",4.79,4.81,4.65,4.66,4220800,1623974400
"2021-06-21","HAI",4.65,4.66,4.51,4.55,2881500,1624233600
"2021-06-22","HAI",4.55,4.61,4.54,4.56,2493400,1624320000
"2021-06-23","HAI",4.59,4.6,4.48,4.49,2636400,1624406400
"2021-06-24","HAI",4.48,4.53,4.46,4.46,2155100,1624492800
"2021-06-25","HAI",4.46,4.47,4.4,4.4,2620100,1624579200
"2021-06-28","HAI",4.4,4.5,4.37,4.37,2410200,1624838400
"2021-06-29","HAI",4.4,4.42,4.37,4.37,2280700,1624924800
"2021-06-30","HAI",4.37,4.45,4.35,4.36,1693900,1625011200
"2021-07-01","HAI",4.36,4.37,4.06,4.28,2662300,1625097600
"2021-07-02","HAI",4.32,4.32,4.16,4.16,3074800,1625184000
"2021-07-05","HAI",4.16,4.16,3.98,3.98,3913600,1625443200
"2021-07-06","HAI",3.92,4.05,3.71,3.71,3461600,1625529600
"2021-07-07","HAI",3.7,3.78,3.5,3.6,2989900,1625616000
"2021-07-08","HAI",3.62,3.79,3.6,3.69,1678400,1625702400
"2021-07-09","HAI",3.64,3.72,3.45,3.45,2237500,1625788800
"2021-07-12","HAI",3.4,3.4,3.21,3.21,3234700,1626048000
"2021-07-13","HAI",3.19,3.43,3.15,3.43,3355000,1626134400
"2021-07-14","HAI",3.55,3.63,3.4,3.53,4181900,1626220800
"2021-07-15","HAI",3.45,3.6,3.45,3.58,1306400,1626307200
"2021-07-16","HAI",3.5,3.56,3.4,3.4,1806900,1626393600
"2021-07-19","HAI",3.26,3.28,3.17,3.17,3213900,1626652800
"2021-07-20","HAI",3.18,3.39,3.12,3.39,2029200,1626739200
"2021-07-21","HAI",3.41,3.49,3.32,3.38,1251300,1626825600
"2021-07-22","HAI",3.35,3.45,3.31,3.4,2189700,1626912000
"2021-07-23","HAI",3.35,3.41,3.27,3.27,1337800,1626998400
"2021-07-26","HAI",3.25,3.32,3.19,3.28,1258900,1627257600
"2021-07-27","HAI",3.31,3.45,3.28,3.28,1857800,1627344000
"2021-07-28","HAI",3.3,3.35,3.28,3.3,528500,1627430400
"2021-07-29","HAI",3.34,3.37,3.31,3.33,870900,1627516800
"2021-07-30","HAI",3.33,3.37,3.3,3.33,1537000,1627603200
"2021-08-02","HAI",3.33,3.56,3.33,3.56,4821700,1627862400
"2021-08-03","HAI",3.74,3.8,3.65,3.8,3857000,1627948800
"2021-08-04","HAI",4.06,4.06,4.06,4.06,2130100,1628035200
"2021-08-05","HAI",4.34,4.34,4.16,4.34,7884300,1628121600
"2021-08-06","HAI",4.6,4.6,4.24,4.32,9782900,1628208000
"2021-08-09","HAI",4.33,4.49,4.25,4.31,3379100,1628467200
"2021-08-10","HAI",4.28,4.38,4.21,4.25,4089800,1628553600
"2021-08-11","HAI",4.25,4.45,4.22,4.32,6199300,1628640000
"2021-08-12","HAI",4.32,4.62,4.32,4.62,6115700,1628726400
"2021-08-13","HAI",4.94,4.94,4.7,4.86,11168700,1628812800
"2021-08-16","HAI",4.92,4.99,4.7,4.7,5485400,1629072000
"2021-08-17","HAI",4.68,4.89,4.62,4.65,4005000,1629158400
"2021-08-18","HAI",4.65,4.69,4.5,4.5,4018900,1629244800
"2021-08-19","HAI",4.51,4.65,4.5,4.6,3393400,1629331200
"2021-08-20","HAI",4.56,4.64,4.28,4.28,7217700,1629417600
"2021-08-23","HAI",4.21,4.35,3.99,3.99,6320500,1629676800
"2021-08-24","HAI",3.99,4.15,3.97,4.1,3515700,1629763200
"2021-08-25","HAI",4.1,4.14,4,4.05,2005200,1629849600
"2021-08-26","HAI",4.1,4.2,4.04,4.1,1686400,1629936000
"2021-08-27","HAI",4.07,4.19,4.01,4.18,1954700,1630022400
"2021-08-30","HAI",4.25,4.3,4.19,4.27,1846900,1630281600
"2021-08-31","HAI",4.32,4.35,4.24,4.25,2156000,1630368000
"2021-09-01","HAI",4.25,4.29,4.15,4.17,3417000,1630454400
"2021-09-06","HAI",4.17,4.46,4.17,4.46,3679600,1630886400
"2021-09-07","HAI",4.64,4.64,4.25,4.35,4095500,1630972800
"2021-09-08","HAI",4.32,4.38,4.24,4.35,2163000,1631059200
"2021-09-09","HAI",4.31,4.37,4.25,4.29,2275700,1631145600
"2021-09-10","HAI",4.28,4.5,4.27,4.29,3352800,1631232000
"2021-09-13","HAI",4.31,4.47,4.29,4.31,2684300,1631491200
"2021-09-14","HAI",4.36,4.55,4.36,4.5,4612200,1631577600
"2021-09-15","HAI",4.53,4.64,4.45,4.45,4743800,1631664000
"2021-09-16","HAI",4.45,4.46,4.35,4.35,2857000,1631750400
"2021-09-17","HAI",4.32,4.45,4.31,4.36,2829500,1631836800
"2021-09-20","HAI",4.4,4.63,4.37,4.48,4424300,1632096000
"2021-09-21","HAI",4.51,4.69,4.45,4.67,8052600,1632182400
"2021-09-22","HAI",4.99,4.99,4.98,4.99,7021200,1632268800
"2021-09-23","HAI",5.33,5.33,4.74,4.8,12809500,1632355200
"2021-09-24","HAI",4.75,4.83,4.61,4.61,5605100,1632441600
"2021-09-27","HAI",4.61,4.61,4.35,4.35,4733000,1632700800
"2021-09-28","HAI",4.23,4.44,4.1,4.4,4544900,1632787200
"2021-09-29","HAI",4.35,4.41,4.25,4.25,2328600,1632873600
"2021-09-30","HAI",4.34,4.38,4.26,4.3,1519300,1632960000
"2021-10-01","HAI",4.27,4.4,4.25,4.25,2154800,1633046400
"2021-10-04","HAI",4.27,4.41,4.26,4.39,3223000,1633305600
"2021-10-05","HAI",4.4,4.44,4.31,4.31,2066700,1633392000
"2021-10-06","HAI",4.32,4.41,4.32,4.37,1613800,1633478400
"2021-10-07","HAI",4.4,4.52,4.35,4.45,2541300,1633564800
"2021-10-08","HAI",4.52,4.66,4.46,4.47,2584300,1633651200
"2021-10-11","HAI",4.5,4.67,4.46,4.52,2859500,1633910400
"2021-10-12","HAI",4.52,4.58,4.44,4.44,3227800,1633996800
"2021-10-13","HAI",4.45,4.5,4.4,4.42,2539700,1634083200
"2021-10-14","HAI",4.44,4.59,4.42,4.48,2401000,1634169600
"2021-10-15","HAI",4.5,4.55,4.45,4.5,2853200,1634256000
"2021-10-18","HAI",4.51,4.52,4.45,4.45,1940200,1634515200
"2021-10-19","HAI",4.45,4.48,4.4,4.44,2305600,1634601600
"2021-10-20","HAI",4.45,4.59,4.45,4.53,3187800,1634688000
"2021-10-21","HAI",4.56,4.84,4.56,4.84,11505000,1634774400
"2021-10-22","HAI",4.9,4.93,4.73,4.77,4118300,1634860800
"2021-10-25","HAI",4.77,4.87,4.7,4.71,2909100,1635120000
"2021-10-26","HAI",4.7,4.91,4.58,4.79,5178800,1635206400
"2021-10-27","HAI",4.88,4.89,4.8,4.82,3362100,1635292800
"2021-10-28","HAI",4.8,4.89,4.75,4.81,3163000,1635379200
"2021-10-29","HAI",4.82,4.91,4.77,4.86,5917300,1635465600
"2021-11-01","HAI",4.94,5.2,4.93,5.19,11156100,1635724800
"2021-11-02","HAI",5.3,5.3,5.1,5.22,6551100,1635811200
"2021-11-03","HAI",5.25,5.58,5.2,5.29,14648500,1635897600
"2021-11-04","HAI",5.29,5.66,5.29,5.66,8718400,1635984000
"2021-11-05","HAI",6.05,6.05,5.99,6.05,7957600,1636070400
"2021-11-08","HAI",6.47,6.47,6.47,6.47,2978100,1636329600
"2021-11-09","HAI",6.92,6.92,6.47,6.6,24173200,1636416000
"2021-11-10","HAI",6.7,7.06,6.53,7.06,9874700,1636502400
"2021-11-11","HAI",7.4,7.55,7.3,7.55,8114100,1636588800
"2021-11-12","HAI",7.7,8,7.45,7.56,9943400,1636675200
"2021-11-15","HAI",7.57,8.08,7.57,7.85,9521300,1636934400
"2021-11-16","HAI",7.55,7.82,7.31,7.31,17083700,1637020800
"2021-11-17","HAI",6.99,7.35,6.93,7.18,10248000,1637107200
"2021-11-18","HAI",7.29,7.6,7.25,7.41,5662600,1637193600
"2021-11-19","HAI",7.42,7.59,6.9,6.92,12552000,1637280000
"2021-11-22","HAI",6.92,6.93,6.44,6.44,9428200,1637539200
"2021-11-23","HAI",6.1,6.74,6,6.55,6629100,1637625600
"2021-11-24","HAI",6.66,6.69,6.45,6.55,4959400,1637712000
"2021-11-25","HAI",6.49,6.68,6.3,6.6,5572400,1637798400
"2021-11-26","HAI",6.69,6.99,6.64,6.75,7037500,1637884800
"2021-11-29","HAI",6.5,6.8,6.42,6.6,4170400,1638144000
"2021-11-30","HAI",6.69,6.95,6.67,6.8,5620100,1638230400
"2021-12-01","HAI",6.79,7.27,6.7,7.27,10189600,1638316800
"2021-12-02","HAI",7.4,7.56,7.2,7.2,5067600,1638403200
"2021-12-03","HAI",7.22,7.25,6.82,7.15,6517000,1638489600
"2021-12-06","HAI",7.15,7.39,6.67,6.75,8314800,1638748800
"2021-12-07","HAI",6.91,6.98,6.73,6.84,5240200,1638835200
"2021-12-08","HAI",6.91,7.19,6.84,7.1,3807900,1638921600
"2021-12-09","HAI",7.1,7.32,7.05,7.3,7294700,1639008000
"2021-12-10","HAI",7.4,7.49,7.2,7.21,6112700,1639094400
"2021-12-13","HAI",7.31,7.71,7.21,7.61,9949000,1639353600
"2021-12-14","HAI",7.61,7.85,7.4,7.4,8174600,1639440000
"2021-12-15","HAI",7.4,7.8,7.34,7.8,8906900,1639526400
"2021-12-16","HAI",7.99,8.34,7.96,8.34,13946100,1639612800
"2021-12-17","HAI",8.8,8.8,8.23,8.24,10003400,1639699200
"2021-12-20","HAI",8,8.4,7.87,8.4,9125100,1639958400
"2021-12-21","HAI",8.45,8.77,8.3,8.6,7530200,1640044800
"2021-12-22","HAI",8.7,9,8.57,8.85,6958600,1640131200
"2021-12-23","HAI",8.8,8.87,8.24,8.24,12332500,1640217600
"2021-12-24","HAI",8.3,8.5,7.93,8.08,8792100,1640304000
"2021-12-27","HAI",8.09,8.4,8.01,8.4,4999400,1640563200
"2021-12-28","HAI",8.49,8.69,8.4,8.42,7308200,1640649600
"2021-12-29","HAI",8.42,8.68,8.39,8.5,6233400,1640736000
"2021-12-30","HAI",8.5,8.62,8.3,8.38,5160500,1640822400
"2021-12-31","HAI",8.38,8.38,8.05,8.1,6843400,1640908800
"2022-01-04","HAI",8.16,8.4,8.14,8.3,3824700,1641254400
"2022-01-05","HAI",8.35,8.82,8.25,8.61,7380500,1641340800
"2022-01-06","HAI",8.61,9.21,8.48,9.21,10682800,1641427200
"2022-01-07","HAI",9.76,9.85,9.55,9.85,12440900,1641513600
"2022-01-10","HAI",10.5,10.5,9.9,9.9,13264000,1641772800
"2022-01-11","HAI",9.21,9.79,9.21,9.21,18426600,1641859200
"2022-01-12","HAI",8.57,8.57,8.57,8.57,596900,1641945600
"2022-01-13","HAI",7.98,7.98,7.98,7.98,338100,1642032000
"2022-01-14","HAI",7.43,7.43,7.43,7.43,278500,1642118400
"2022-01-17","HAI",6.91,6.91,6.91,6.91,491800,1642377600
"2022-01-18","HAI",6.43,6.43,6.43,6.43,316800,1642464000
"2022-01-19","HAI",5.98,5.98,5.98,5.98,555000,1642550400
"2022-01-20","HAI",5.57,5.98,5.57,5.88,20892700,1642636800
"2022-01-21","HAI",6.09,6.29,6.03,6.29,4539700,1642723200
"2022-01-24","HAI",6.64,6.64,5.85,5.85,5022400,1642982400
"2022-01-25","HAI",5.51,5.65,5.45,5.45,7664500,1643068800
"2022-01-26","HAI",5.5,5.6,5.1,5.24,3780300,1643155200
"2022-01-27","HAI",5.3,5.35,5.1,5.11,1971300,1643241600
"2022-01-28","HAI",5.09,5.38,4.97,5.35,3400900,1643328000
"2022-02-07","HAI",5.52,5.72,5.46,5.72,2738800,1644192000
"2022-02-08","HAI",5.9,6,5.77,5.86,4669300,1644278400
"2022-02-09","HAI",5.75,6.09,5.69,5.88,2625600,1644364800
"2022-02-10","HAI",5.89,5.97,5.86,5.9,1805300,1644451200
"2022-02-11","HAI",5.89,5.89,5.54,5.75,9003400,1644537600
"2022-02-14","HAI",5.65,5.87,5.59,5.76,2355500,1644796800
"2022-02-15","HAI",5.79,5.8,5.63,5.71,1224700,1644883200
"2022-02-16","HAI",5.8,6.07,5.72,6.05,4795000,1644969600
"2022-02-17","HAI",6.05,6.25,6,6,3811000,1645056000
"2022-02-18","HAI",5.92,6.09,5.92,6.01,3213600,1645142400
"2022-02-21","HAI",6.05,6.2,5.95,6.13,4453200,1645401600
"2022-02-22","HAI",6.02,6.4,6.01,6.19,6502100,1645488000
"2022-02-23","HAI",6.2,6.31,6.2,6.22,2015500,1645574400
"2022-02-24","HAI",6.2,6.23,5.79,5.88,6631200,1645660800
"2022-02-25","HAI",6,6.07,5.95,6,3790800,1645747200
"2022-02-28","HAI",6,6.11,5.97,6.04,2647500,1646006400
"2022-03-01","HAI",6.04,6.2,6.04,6.16,3864700,1646092800
"2022-03-02","HAI",6.16,6.2,6.07,6.09,2903200,1646179200
"2022-03-03","HAI",6.13,6.19,6.1,6.14,3475300,1646265600
"2022-03-04","HAI",6.15,6.5,6.12,6.33,6140000,1646352000
"2022-03-07","HAI",6.4,6.77,6.34,6.7,7461000,1646611200
"2022-03-08","HAI",6.6,6.93,6.5,6.66,6156200,1646697600
"2022-03-09","HAI",6.63,6.69,6.3,6.51,5027400,1646784000
"2022-03-10","HAI",6.6,6.69,6.5,6.5,3638000,1646870400
"2022-03-11","HAI",6.47,6.58,6.42,6.46,3385400,1646956800
"2022-03-14","HAI",6.41,6.46,6.1,6.22,3748700,1647216000
"2022-03-15","HAI",6.21,6.31,6.1,6.26,2179400,1647302400
"2022-03-16","HAI",6.28,6.5,6.28,6.37,2082600,1647388800
"2022-03-17","HAI",6.42,6.65,6.42,6.62,4777000,1647475200
"2022-03-18","HAI",6.66,6.79,6.6,6.61,6439200,1647561600
"2022-03-21","HAI",6.61,6.79,6.6,6.77,3848300,1647820800
"2022-03-22","HAI",6.77,6.93,6.77,6.8,5425300,1647907200
"2022-03-23","HAI",6.8,6.85,6.71,6.73,3638600,1647993600
"2022-03-24","HAI",6.68,6.8,6.63,6.72,4135000,1648080000
"2022-03-25","HAI",6.72,6.86,6.7,6.79,3609500,1648166400
"2022-03-28","HAI",6.32,6.32,6.32,6.32,3038000,1648425600
"2022-03-29","HAI",5.88,6.1,5.88,5.88,22828600,1648512000
"2022-03-30","HAI",5.47,5.47,5.47,5.47,1954300,1648598400
"2022-03-31","HAI",5.09,5.47,5.09,5.09,14768200,1648684800
"2022-04-01","HAI",5,5.44,4.81,5.44,7107200,1648771200
"2022-04-04","HAI",5.8,5.82,5.65,5.82,2815600,1649030400
"2022-04-05","HAI",5.82,6.09,5.51,5.6,6818700,1649116800
"2022-04-06","HAI",5.24,5.5,5.21,5.22,5415100,1649203200
"2022-04-07","HAI",5.35,5.39,5.14,5.25,1965400,1649289600
"2022-04-08","HAI",5.29,5.34,5.1,5.1,2619400,1649376000
"2022-04-12","HAI",4.95,5,4.75,4.75,3156900,1649721600
"2022-04-13","HAI",4.51,4.81,4.42,4.81,6622700,1649808000
"2022-04-14","HAI",4.98,5.05,4.84,4.89,2606600,1649894400
"2022-04-15","HAI",4.63,4.74,4.55,4.55,6162800,1649980800
"2022-04-18","HAI",4.25,4.38,4.24,4.24,1771300,1650240000
"2022-04-19","HAI",3.95,4.09,3.95,3.95,6406900,1650326400
"2022-04-20","HAI",3.68,3.7,3.68,3.68,2039600,1650412800
"2022-04-21","HAI",3.43,3.43,3.43,3.43,643100,1650499200
"2022-04-22","HAI",3.19,3.67,3.19,3.57,5466800,1650585600
"2022-04-25","HAI",3.7,3.8,3.51,3.58,3029600,1650844800
"2022-04-26","HAI",3.6,3.83,3.5,3.83,2396600,1650931200
"2022-04-27","HAI",3.9,4.09,3.73,4.09,3474100,1651017600
"2022-04-28","HAI",4.19,4.35,4.15,4.3,3133000,1651104000
"2022-04-29","HAI",4.35,4.6,4.15,4.57,4734900,1651190400
"2022-05-04","HAI",4.26,4.3,4.26,4.26,2785200,1651622400
"2022-05-05","HAI",3.97,4.4,3.97,4.15,2913100,1651708800
"2022-05-06","HAI",3.98,4.1,3.98,3.98,1724000,1651795200
"2022-05-09","HAI",3.71,3.9,3.71,3.71,2641300,1652054400
"2022-05-10","HAI",3.47,3.86,3.46,3.85,2526600,1652140800
"2022-05-11","HAI",4,4.08,3.91,4.03,1938500,1652227200
"2022-05-12","HAI",3.75,3.92,3.75,3.75,3293400,1652313600
"2022-05-13","HAI",3.65,3.73,3.49,3.49,3672300,1652400000
"2022-05-16","HAI",3.73,3.73,3.52,3.58,1712100,1652659200
"2022-05-17","HAI",3.55,3.79,3.47,3.72,1302100,1652745600
"2022-05-18","HAI",3.77,3.78,3.66,3.66,2174400,1652832000
"2022-05-19","HAI",3.5,3.61,3.49,3.58,1564900,1652918400
"2022-05-20","HAI",3.58,3.64,3.5,3.58,1098000,1653004800
"2022-05-23","HAI",3.63,3.63,3.44,3.5,1461500,1653264000
"2022-05-24","HAI",3.51,3.57,3.37,3.43,1281300,1653350400
"2022-05-25","HAI",3.5,3.5,3.36,3.4,1824600,1653436800
"2022-05-26","HAI",3.17,3.17,3.17,3.17,1742100,1653523200
"2022-05-27","HAI",2.95,3.15,2.95,3,8988900,1653609600
"2022-05-30","HAI",3,3.21,2.97,3.21,2660900,1653868800
"2022-05-31","HAI",3.33,3.39,3.22,3.22,1923400,1653955200
"2022-06-01","HAI",3,3.18,3,3,2990800,1654041600
"2022-06-02","HAI",2.85,3,2.85,2.93,1131200,1654128000
"2022-06-03","HAI",3.12,3.12,2.77,2.79,1352900,1654214400
"2022-06-06","HAI",2.79,2.79,2.6,2.6,3732100,1654473600
"2022-06-07","HAI",2.42,2.49,2.42,2.42,1301000,1654560000
"2022-06-08","HAI",2.42,2.58,2.26,2.58,977500,1654646400
"2022-06-09","HAI",2.7,2.7,2.58,2.6,1277700,1654732800
"2022-06-10","HAI",2.63,2.65,2.42,2.42,1515700,1654819200
"2022-06-13","HAI",2.42,2.42,2.26,2.26,2880600,1655078400
"2022-06-14","HAI",2.11,2.41,2.11,2.3,941800,1655164800
"2022-06-15","HAI",2.15,2.29,2.14,2.14,1491400,1655251200
"2022-06-16","HAI",2.02,2.27,2.02,2.24,941400,1655337600
"2022-06-17","HAI",2.24,2.24,2.09,2.09,1173400,1655424000
"2022-06-20","HAI",2,2.09,1.95,1.95,2089200,1655683200
"2022-06-21","HAI",1.82,2.05,1.82,1.96,886900,1655769600
"2022-06-22","HAI",1.84,2.09,1.84,2.09,1522300,1655856000
"2022-06-23","HAI",2.09,2.23,2.09,2.23,959400,1655942400
"2022-06-24","HAI",2.35,2.38,2.23,2.38,2653500,1656028800
"2022-06-27","HAI",2.5,2.54,2.4,2.54,1307100,1656288000
"2022-06-28","HAI",2.6,2.71,2.6,2.7,2075800,1656374400
"2022-06-29","HAI",2.7,2.85,2.52,2.61,2447900,1656460800
"2022-06-30","HAI",2.62,2.62,2.43,2.43,1746800,1656547200
"2022-07-01","HAI",2.3,2.48,2.26,2.46,973600,1656633600
"2022-07-04","HAI",2.6,2.63,2.6,2.63,446700,1656892800
"2022-07-05","HAI",2.8,2.81,2.65,2.74,4663700,1656979200
"2022-07-06","HAI",2.74,2.8,2.57,2.65,1019600,1657065600
"2022-07-07","HAI",2.66,2.7,2.58,2.6,623700,1657152000
"2022-07-08","HAI",2.61,2.78,2.6,2.6,770500,1657238400
"2022-07-11","HAI",2.42,2.6,2.42,2.45,2183100,1657497600
"2022-07-12","HAI",2.46,2.62,2.45,2.62,1242300,1657584000
"2022-07-13","HAI",2.63,2.75,2.61,2.64,713900,1657670400
"2022-07-14","HAI",2.6,2.6,2.46,2.6,791100,1657756800
"2022-07-15","HAI",2.6,2.67,2.5,2.58,649500,1657843200
"2022-07-18","HAI",2.57,2.65,2.56,2.57,648700,1658102400
"2022-07-19","HAI",2.56,2.63,2.49,2.61,1192500,1658188800
"2022-07-20","HAI",2.6,2.71,2.6,2.64,706700,1658275200
"2022-07-21","HAI",2.62,2.62,2.55,2.58,944700,1658361600
"2022-07-22","HAI",2.57,2.64,2.57,2.57,496100,1658448000
"2022-07-25","HAI",2.59,2.59,2.48,2.48,537400,1658707200
"2022-07-26","HAI",2.48,2.58,2.42,2.42,591600,1658793600
"2022-07-27","HAI",2.41,2.42,2.3,2.31,888900,1658880000
"2022-07-28","HAI",2.3,2.45,2.3,2.38,905100,1658966400
"2022-07-29","HAI",2.37,2.48,2.37,2.38,515100,1659052800